-- phpMyAdmin SQL Dump
-- version 5.1.0
-- https://www.phpmyadmin.net/
--
-- Host: 127.0.0.1
-- Generation Time: Nov 30, 2021 at 05:25 PM
-- Server version: 10.4.18-MariaDB
-- PHP Version: 7.4.16

SET SQL_MODE = "NO_AUTO_VALUE_ON_ZERO";
START TRANSACTION;
SET time_zone = "+00:00";


/*!40101 SET @OLD_CHARACTER_SET_CLIENT=@@CHARACTER_SET_CLIENT */;
/*!40101 SET @OLD_CHARACTER_SET_RESULTS=@@CHARACTER_SET_RESULTS */;
/*!40101 SET @OLD_COLLATION_CONNECTION=@@COLLATION_CONNECTION */;
/*!40101 SET NAMES utf8mb4 */;

--
-- Database: `db_perdagangan`
--

-- --------------------------------------------------------

--
-- Table structure for table `ci_sessions`
--

CREATE TABLE `ci_sessions` (
  `id` varchar(128) NOT NULL,
  `ip_address` varchar(45) NOT NULL,
  `timestamp` int(10) UNSIGNED NOT NULL DEFAULT 0,
  `data` blob NOT NULL
) ENGINE=InnoDB DEFAULT CHARSET=utf8mb4;

--
-- Dumping data for table `ci_sessions`
--

INSERT INTO `ci_sessions` (`id`, `ip_address`, `timestamp`, `data`) VALUES
('kft7him3dfqlbj527s4ppohvmnjjd8if', '::1', 1638192150, 0x5f5f63695f6c6173745f726567656e65726174657c693a313633383139323135303b7265646972656374696f6e7c4e3b),
('fpkkv6e05u02fdi9tv851ua3bkqk715i', '::1', 1638192455, 0x5f5f63695f6c6173745f726567656e65726174657c693a313633383139323435353b7265646972656374696f6e7c4e3b5f5f4143544956455f53455353494f4e5f444154417c733a3330303a22653437646630316164383135376131346363653736623130626230396530616437386462363834353636346436336631343164373362356639363033343866383432343735303863643536356432666439393730363339363238396563646633666635363062623834356137343065666535646235386265393931643864396641525a326d7868797465756d695669794948335152634359382b6e4a366370474333386e6142332b707968637045485355396a7a644e75525a525a63736554544361636b6b6e4e654e34692f4d774d39774276746e44557031327a5874423469576d414a4c65734b5532612f634d3553544f4f4a6c5731517335536737322b5a4372542b6f645972793074645973414a4938477350744653505939427030734e4146465a527172346555593d223b),
('i8o89i2o7fangmj93cih9thb3o3ksrtg', '::1', 1638193165, 0x5f5f63695f6c6173745f726567656e65726174657c693a313633383139333136353b7265646972656374696f6e7c4e3b5f5f4143544956455f53455353494f4e5f444154417c733a3330303a22356363666336643136616634383563373766343332373137393938643436353131656263343833653962393031656638626537326235343666633231363833343731623066376366393730666165356139326432366631363662333530626238303939376131396266623632646666656362323061383930323861613663313878764256364c2b4a2f594d30524e715a42526f6964382b66716a466b30693553684637776d514a6a4f35534646744152696e586f56714e4d4b4c626b4c46334e32626558753357664b5269416537536f42332f364e41347530767175386a444374684b376a2f5236544d7a6a334a506b6f2b5633546153396f69486c355a413464365174597a4643536c37754a416b726575595449586f2b6a676a72755965666e58627233674d785a4a493d223b),
('18fjpp7gpgob945nof86mt0g8qfb434f', '::1', 1638194066, 0x5f5f63695f6c6173745f726567656e65726174657c693a313633383139343036363b7265646972656374696f6e7c4e3b),
('egkc9vhcf92p2o5fq8ehfdfoac4528h2', '::1', 1638194935, 0x5f5f63695f6c6173745f726567656e65726174657c693a313633383139343933353b7265646972656374696f6e7c4e3b5f5f4143544956455f53455353494f4e5f444154417c733a3330303a2261366635666663366434373439343134653761363534386434353031333466393933333364346362646665663635636533653432376265366532363265646537613762346335663334616238656131623333643662373735306436346339393736636630373066373764363736663235613431663963316431333232333635306a314c672f4d3663337871764f4d3667447864593441567751694b372b686837537848774742782b31366338517447576374562b3635643634393861734c6733515137365968756c69597846305663744d3345736b2b37625454684d557573684d5171546f35426d796d3349647139476f4346557a504a5a73687949745a514464736250686867763166724b633266544d4679672b4462766d57424b3964326d614f7466725764506954453d223b),
('01itn3t12j82j0de3bs2ubkjummpgq6f', '::1', 1638195329, 0x5f5f63695f6c6173745f726567656e65726174657c693a313633383139353332393b7265646972656374696f6e7c4e3b5f5f4143544956455f53455353494f4e5f444154417c733a3330303a2261366635666663366434373439343134653761363534386434353031333466393933333364346362646665663635636533653432376265366532363265646537613762346335663334616238656131623333643662373735306436346339393736636630373066373764363736663235613431663963316431333232333635306a314c672f4d3663337871764f4d3667447864593441567751694b372b686837537848774742782b31366338517447576374562b3635643634393861734c6733515137365968756c69597846305663744d3345736b2b37625454684d557573684d5171546f35426d796d3349647139476f4346557a504a5a73687949745a514464736250686867763166724b633266544d4679672b4462766d57424b3964326d614f7466725764506954453d223b),
('h985kb8bk02272ivac0tetjpa4e0s42u', '::1', 1638197276, 0x5f5f63695f6c6173745f726567656e65726174657c693a313633383139373237363b7265646972656374696f6e7c4e3b6c6f67696e5f666c6173687c733a35323a22557365722064656e67616e20757365726e616d65203c623e61646d696e3132333c2f623e20746964616b20746572646166746172223b5f5f63695f766172737c613a313a7b733a31313a226c6f67696e5f666c617368223b733a333a226f6c64223b7d),
('j6g88t9k3d3dhob3o890sfbhp5707ogt', '::1', 1638198309, 0x5f5f63695f6c6173745f726567656e65726174657c693a313633383139383330393b5f5f4143544956455f53455353494f4e5f444154417c733a3330303a2261343531323434633066346434643339653163626164383337353932336131646365383531636632323361333564646335663562613961336539653063333562343561626266333766643031653037356236633464643962386266656638323731313230373836323531336130373639353439313333383766323937636433306f614842505533344e334c2f6c74344d344e3355336358596655646d2b796c705a7a784b596c446e517530733970494d70354538473135754c4b64456b623531546f4152393770546139453757444e6563516f584b34305a75714c535839787a664c50393176436e59346d6272684464625068486d77396d6c303449773355514e6563454a6e4a4b7573433666616642782b58766878325a765975726c535953746c626e367876797641303d223b),
('q5k81ech5m7v0pm8hgdsfndqdc77c6bt', '::1', 1638199175, 0x5f5f63695f6c6173745f726567656e65726174657c693a313633383139383330393b5f5f4143544956455f53455353494f4e5f444154417c733a3330303a2261343531323434633066346434643339653163626164383337353932336131646365383531636632323361333564646335663562613961336539653063333562343561626266333766643031653037356236633464643962386266656638323731313230373836323531336130373639353439313333383766323937636433306f614842505533344e334c2f6c74344d344e3355336358596655646d2b796c705a7a784b596c446e517530733970494d70354538473135754c4b64456b623531546f4152393770546139453757444e6563516f584b34305a75714c535839787a664c50393176436e59346d6272684464625068486d77396d6c303449773355514e6563454a6e4a4b7573433666616642782b58766878325a765975726c535953746c626e367876797641303d223b),
('k1s6b4bit8bsi51d5ckkv94jqtjhqgid', '::1', 1638231675, 0x5f5f63695f6c6173745f726567656e65726174657c693a313633383233313637353b7265646972656374696f6e7c4e3b),
('vmgh7ivmifv8ohuqvhakeprn4iohrhhb', '::1', 1638232172, 0x5f5f63695f6c6173745f726567656e65726174657c693a313633383233323137323b7265646972656374696f6e7c4e3b5f5f4143544956455f53455353494f4e5f444154417c733a3330303a2236376565653635343737363132396466323165306537613065333831633432623732343163613831343065343935386132613538613333653063643939626266373330396539613031663261356230386466326233313936376361313762313636306431383736313434346237353733303030373037336535383538333936645a63777137347830312f4c447a4f774d6e7a7666586c623636534d7579576a424745306b737a4f58704e325a4a575946674e4e4942632f6f59596756726d68516c416a564e52357838755139536c474c347448394a6b703464516b594a7076716951324671376445724876594e522f77584856316d79384c672f6b7450767243454e3074774e47675a513561456138335673443735485455515a5a6d2b4d474b5072375a38616e653543303d223b),
('0be48qb21b4bn3bb5sdo0116b8j5jofa', '::1', 1638235850, 0x5f5f63695f6c6173745f726567656e65726174657c693a313633383233353835303b7265646972656374696f6e7c4e3b5f5f4143544956455f53455353494f4e5f444154417c733a3330303a2236376565653635343737363132396466323165306537613065333831633432623732343163613831343065343935386132613538613333653063643939626266373330396539613031663261356230386466326233313936376361313762313636306431383736313434346237353733303030373037336535383538333936645a63777137347830312f4c447a4f774d6e7a7666586c623636534d7579576a424745306b737a4f58704e325a4a575946674e4e4942632f6f59596756726d68516c416a564e52357838755139536c474c347448394a6b703464516b594a7076716951324671376445724876594e522f77584856316d79384c672f6b7450767243454e3074774e47675a513561456138335673443735485455515a5a6d2b4d474b5072375a38616e653543303d223b),
('6koppt43ro0jrtedjhavu7s2pe3ajtt9', '::1', 1638232341, 0x5f5f63695f6c6173745f726567656e65726174657c693a313633383233323332393b7265646972656374696f6e7c4e3b5f5f4143544956455f53455353494f4e5f444154417c733a3330303a226561396234346566616634393362376539383137326462663439333938313264666435643261313966386439353836356361373533373539643763396664356664303430303864656234333366363237383364346666313636373262336166316637303864303431323638313239333737376664333166636238306263383464345465484e5851547230617079682b2f7934597457786a6373696f4c514357574232414d422b6f746c365837797447492f673261304f574e4330536d352f3168503454665433594648344a712f63352b2b4c5564475a4163562b6f4e796c3542414a58384c7650695773386b7a6255614c4a412b37534a7662586478646169734f494c4a493441395154476449786a5337696267777a742b39324b45436a6b64373758346531396f6b6a493d223b),
('gae4tgv956gbuj0o0n4rvsbcqv377kiu', '::1', 1638236172, 0x5f5f63695f6c6173745f726567656e65726174657c693a313633383233363137323b7265646972656374696f6e7c4e3b5f5f4143544956455f53455353494f4e5f444154417c733a3330303a2235393061346163663865656435316433363532653030383935386536633164386532633530386366663965333834653163366134323338336637623536393966653234346662326661363235643432636634636534323439633636333964303165353432663732326661393565373863663565356635336332633762396636616233394978477352595743546347635442774766387751784877325a3864504763504f70386c314b7034677168766d3930474d6a79395749487172776a7332446c673756454d666d2f33667263476a6e397670697a616d43704d366b37463359514c356d457564636a38484e51313968442f59397059596c7263696e654647316d665479797a76346a41704b564c6b447838387a4a5456593042683654764a47724336616e55686e584d733d223b),
('hg8cl5pqprcmbtka36tqi0lnurppe5ij', '::1', 1638236200, 0x5f5f63695f6c6173745f726567656e65726174657c693a313633383233363137323b7265646972656374696f6e7c4e3b6c6f67696e5f666c6173687c733a31353a2250617373776f72642073616c616821223b5f5f63695f766172737c613a323a7b733a31313a226c6f67696e5f666c617368223b733a333a226f6c64223b733a31323a226f6c645f757365726e616d65223b733a333a226f6c64223b7d6f6c645f757365726e616d657c733a353a2261646d696e223b);

-- --------------------------------------------------------

--
-- Table structure for table `tb_admin`
--

CREATE TABLE `tb_admin` (
  `adm_id` varchar(30) NOT NULL,
  `adm_nama` varchar(40) DEFAULT NULL,
  `adm_password` varchar(191) NOT NULL,
  `adm_nohp` varchar(20) DEFAULT NULL
) ENGINE=InnoDB DEFAULT CHARSET=utf8mb4;

--
-- Dumping data for table `tb_admin`
--

INSERT INTO `tb_admin` (`adm_id`, `adm_nama`, `adm_password`, `adm_nohp`) VALUES
('admin', 'Wahyu Dwi Prasetio', '$2y$10$rLRbpJSZLSle3nbO1aL93.QGKkkRUq1JvvswJcJSGXM.Ir9WHAm2u', '851577425045'),
('admin a', 'fasdfaffsaf', '$2y$10$Bn3.0xT7rDH.ARxxOnm5IuJkGWUrFCjF4iVQ77a.D0Gp6ZHB633NC', '1414234324'),
('adminsuf1', 'Tugas', '$2y$10$bHvEf7KURdwLGGGsf4dK4.3ZGqmpskK1YRF8tXaFt0xpj6PaRrelm', '123445634634625'),
('adminsuper', 'WAHYU DWI PRASETIO', '$2y$10$ClgOiE0.cGSPyfcmzaPO.OMzmIkdGk9bB1lqYOwlPtLcwNhIfCQre', '85157702507'),
('lingmisk1n4n', 'Tugas', '$2y$10$G4PJe/lYvXu4TKhCk8gfu.uIgGHP.O/nOcUHcHJkWrScqZSSr5mBm', '12332537567657'),
('wahyudp', 'Wahyu Dwi Prasetio', '$2y$10$sKepYJmf8sAJ91X7ojQA8evTr41lRyeBR1LPWw1/rMHF3CAgw8nPe', '123456780'),
('wahyudp321', 'WAHYU DWI PRASETIO', '$2y$10$aW5DU0ITFVGP9aO0P7vTR.tE5lsYOUY5CiIj22tnt7BY3SmkSaJ86', '852671624240');

-- --------------------------------------------------------

--
-- Table structure for table `tb_barang`
--

CREATE TABLE `tb_barang` (
  `brg_id` int(11) NOT NULL,
  `brg_nama` varchar(120) DEFAULT NULL,
  `brg_stok` int(5) UNSIGNED DEFAULT NULL,
  `brg_satuan` varchar(6) DEFAULT NULL,
  `brg_hargadasar` int(9) DEFAULT NULL,
  `brg_hargajual` int(9) DEFAULT NULL,
  `brg_idkat` int(3) DEFAULT NULL
) ENGINE=InnoDB DEFAULT CHARSET=utf8mb4;

--
-- Dumping data for table `tb_barang`
--

INSERT INTO `tb_barang` (`brg_id`, `brg_nama`, `brg_stok`, `brg_satuan`, `brg_hargadasar`, `brg_hargajual`, `brg_idkat`) VALUES
(101001, 'Apel', 0, 'pcs', 5000, 10000, 101),
(101010, 'Bantal Mobil (mulai dari Rp 100.000)', 12142, 'pcs', 5000, 10000, 101),
(101011, 'Kasur Mobil (mulai dari Rp 100.000)', 0, 'pcs', 7000, 14000, 101),
(101012, 'Pompa Angin (mulai dari Rp 50.000)', 0, 'pcs', 9000, 18000, 101),
(101015, 'Kotak P3K (mulai dari Rp 20.000)', 0, 'pcs', 15000, 30000, 101),
(101016, 'Ban Serep (mulai dari Rp 300.000)', 0, 'pcs', 17000, 34000, 101),
(101017, 'Dongkrak Roda (mulai dari Rp 200.000)', 0, 'pcs', 19000, 38000, 101),
(101018, 'Kabel Jumper (mulai dari Rp 80.000)', 0, 'pcs', 21000, 42000, 101),
(101019, 'Portable Vacuum Cleaner (mulai dari Rp 200.000)', 8, 'pcs', 23000, 46000, 101),
(101020, 'Sup Ayam Kangkung', 5398, 'pcs', 65000, 390000, 101),
(102008, 'Pariatur Quo qui libero ut', 0, 'At rep', 89, 91, 102),
(102010, 'GPS Mobil (mulai dari Rp 300.000)', 35, 'pcs', 25000, 100000, 102),
(102011, 'Tempat Sampah (mulai dari Rp 50.000)', 38, 'pcs', 27000, 108000, 102),
(102012, 'Karpet Mobil (mulai dari Rp 100.000)', 41, 'pcs', 29000, 116000, 102),
(102014, 'Charger Mobil (mulai dari Rp 50.000)', 47, 'pcs', 33000, 132000, 102),
(102015, 'Tongkat E-Toll (mulai dari Rp 2.500)', 0, 'pcs', 35000, 140000, 102),
(102016, 'Audio Mobil (mulai dari Rp 150.000)', 0, 'pcs', 37000, 148000, 102),
(102017, 'Cover Mobil (mulai dari Rp 150.000)', 55, 'pcs', 39000, 156000, 102),
(102018, 'Car Organizer (mulai dari Rp 20.000)', 48, 'pcs', 41000, 164000, 102),
(102019, 'Kotak Perkakas (mulai dari Rp 67.000)', 61, 'pcs', 43000, 172000, 102),
(103010, 'Sepatu Kaca', 65, 'pcs', 45000, 270000, 103),
(103011, 'Kakas Sisir', 68, 'pcs', 47000, 282000, 103),
(103012, 'Ayam Geprek', 70, 'pcs', 49000, 294000, 103),
(103013, 'Ikan Panggang', 74, 'pcs', 51000, 306000, 103),
(103014, 'Sepatu Roda', 0, 'pcs', 53000, 318000, 103),
(103015, 'Sepatu Super', 80, 'pcs', 55000, 330000, 103),
(103016, 'Lampu Headroof', 84, 'pcs', 57001, 342000, 103),
(103017, 'Lampu Dashboard', 86, 'pcs', 59000, 354000, 103),
(103018, 'Lampu Headlamp', 88, 'pcs', 61000, 366000, 103),
(103020, 'Lampu Neon', 5998, 'pcs', 65000, 390000, 103),
(104001, 'Pariatur Quo qui libero ut', 194, 'pcs', 65000, 390000, 104),
(105001, 'Tradgsret', 100, 'meter', 65000, 390000, 105),
(105002, 'Bantal Mobil (mulai dari Rp 100.000)', 4, 'Recusa', 65000, 432424, 105),
(105003, 'Non odit ex aperiam fugiat tempora est', 13, 'Aliqua', 46, 48, 105),
(107001, 'Apel Premium', 0, 'pcss', 5000, 20000, 107);

-- --------------------------------------------------------

--
-- Table structure for table `tb_kasir`
--

CREATE TABLE `tb_kasir` (
  `ksr_id` varchar(30) NOT NULL,
  `ksr_nama` varchar(40) DEFAULT NULL,
  `ksr_password` varchar(191) NOT NULL,
  `ksr_nohp` varchar(20) DEFAULT NULL
) ENGINE=InnoDB DEFAULT CHARSET=utf8mb4;

--
-- Dumping data for table `tb_kasir`
--

INSERT INTO `tb_kasir` (`ksr_id`, `ksr_nama`, `ksr_password`, `ksr_nohp`) VALUES
('adminsupeff', 'Wahyu Dwi Prasetio', '$2y$10$jRREQPjtQWsP4fYmkYjH1O05VD4xxLFU.41XNdZOlP5vjK9iCVFRO', '42343254354'),
('adminsupegn', 'Ugh Lala Mega Bintang', '$2y$10$QiSZErkeYZMWNeJGIj848e0g2kqzsFiMvEL4QNr2ZXJ9ssIZP2uUm', '852671638614'),
('adminsuper@a', 'Admin Superia', '$2y$10$aLcVzu4DYWn8C.5TTDBOxuDYPxhFlVLHquYlrs7TfAA.HtuB/Rl.i', '8515774250'),
('kasir', 'Teddie Kuma Kichi', '$2y$10$QdEiPGCxmZOm/yGi9Q8IUOgcS6c4ybeZAnmMoSR.AZrtGUpK1OeHS', '33434254252353');

-- --------------------------------------------------------

--
-- Table structure for table `tb_kategori`
--

CREATE TABLE `tb_kategori` (
  `kat_id` int(3) NOT NULL,
  `kat_nama` varchar(30) DEFAULT NULL
) ENGINE=InnoDB DEFAULT CHARSET=utf8mb4;

--
-- Dumping data for table `tb_kategori`
--

INSERT INTO `tb_kategori` (`kat_id`, `kat_nama`) VALUES
(101, 'Fushi'),
(102, 'Aksesoris'),
(103, 'Lampu'),
(104, 'Audio'),
(105, 'Kaca Film'),
(106, 'Talang Air'),
(107, 'Apel'),
(108, 'List Lampu');

-- --------------------------------------------------------

--
-- Table structure for table `tb_nota`
--

CREATE TABLE `tb_nota` (
  `nota_id` int(11) NOT NULL,
  `nota_tgl` datetime DEFAULT NULL,
  `nota_pembeli` varchar(40) DEFAULT NULL,
  `nota_plat` varchar(10) DEFAULT NULL,
  `nota_idksr` varchar(30) DEFAULT NULL,
  `nota_status` enum('selesai','belum_selesai') DEFAULT NULL
) ENGINE=InnoDB DEFAULT CHARSET=utf8mb4;

--
-- Dumping data for table `tb_nota`
--

INSERT INTO `tb_nota` (`nota_id`, `nota_tgl`, `nota_pembeli`, `nota_plat`, `nota_idksr`, `nota_status`) VALUES
(2021111303, '2021-10-31 11:32:00', 'Ape', '', 'adminsupegn', 'selesai'),
(2021111316, '2021-10-01 11:32:00', 'Aaa', '', 'kasir', 'selesai'),
(2021111317, '2021-10-31 11:32:00', 'Aab', '', 'kasir', 'selesai'),
(2021111318, '2021-10-31 11:32:00', 'Aac', '', 'kasir', 'selesai'),
(2021111319, '2021-09-01 11:32:00', 'Aaa', '1', 'kasir', 'selesai'),
(2021111320, '2021-10-31 11:32:00', 'Aab', '', 'kasir', 'selesai'),
(2021111321, '2021-10-31 11:32:00', 'Aac', '', 'kasir', 'selesai'),
(2021111322, '2021-10-31 11:32:00', 'Aaa', '', 'kasir', 'selesai'),
(2021111323, '2021-10-31 11:32:00', 'Aab', '', 'kasir', 'selesai'),
(2021111324, '2021-07-01 11:32:00', 'Aac', '111', 'kasir', 'selesai'),
(2021111326, '2021-10-31 11:32:00', 'Aab', '', 'kasir', 'selesai'),
(2021111327, '2021-04-01 11:32:00', 'Aac', 'Hallo', 'kasir', 'selesai'),
(2021111328, '2021-11-13 11:32:59', 'Aaa', NULL, 'kasir', 'belum_selesai'),
(2021111329, '2021-11-13 11:32:59', 'Aab', NULL, 'kasir', 'belum_selesai'),
(2021111330, '2021-11-13 11:32:59', 'Aac', NULL, 'kasir', 'belum_selesai'),
(2021111331, '2021-11-13 11:32:59', 'Aaa', NULL, 'kasir', 'belum_selesai'),
(2021111332, '2021-11-13 11:32:59', 'Aab', NULL, 'kasir', 'belum_selesai'),
(2021111333, '2021-11-13 11:32:59', 'Aac', NULL, 'kasir', 'belum_selesai'),
(2021111334, '2021-11-13 11:32:59', 'Aaa', NULL, 'kasir', 'belum_selesai'),
(2021111335, '2021-11-13 11:32:59', 'Aab', NULL, 'kasir', 'belum_selesai'),
(2021111336, '2021-11-13 11:32:59', 'Aac', NULL, 'kasir', 'belum_selesai'),
(2021111337, '2021-11-13 11:32:59', 'Aaa', NULL, 'kasir', 'belum_selesai'),
(2021111338, '2021-11-13 11:32:59', 'Aab', NULL, 'kasir', 'belum_selesai'),
(2021111339, '2021-11-13 11:32:59', 'Aac', NULL, 'kasir', 'belum_selesai'),
(2021111340, '2021-11-13 11:32:59', 'Aaa', NULL, 'kasir', 'belum_selesai'),
(2021111341, '2021-11-13 11:32:59', 'Aab', NULL, 'kasir', 'belum_selesai'),
(2021111342, '2021-11-13 11:32:59', 'Aac', NULL, 'kasir', 'belum_selesai'),
(2021111343, '2021-11-13 11:32:59', 'Aaa', NULL, 'kasir', 'belum_selesai'),
(2021111345, '2021-11-13 11:32:59', 'Aac', NULL, 'kasir', 'belum_selesai'),
(2021111346, '2021-11-13 11:32:59', 'Aaa', NULL, 'kasir', 'belum_selesai'),
(2021111347, '2021-11-13 11:32:59', 'Aab', NULL, 'kasir', 'belum_selesai'),
(2021111348, '2021-11-13 11:32:59', 'Aac', NULL, 'kasir', 'belum_selesai'),
(2021111349, '2021-11-13 11:32:59', 'Aaa', NULL, 'kasir', 'belum_selesai'),
(2021111350, '2021-11-13 11:32:59', 'Aab', NULL, 'kasir', 'belum_selesai'),
(2021111351, '2021-11-13 11:32:59', 'Aac', NULL, 'kasir', 'belum_selesai'),
(2021111352, '2021-11-13 11:32:59', 'Aaa', NULL, 'kasir', 'belum_selesai'),
(2021111353, '2021-11-13 11:32:59', 'Aab', NULL, 'kasir', 'belum_selesai'),
(2021111354, '2021-11-13 11:32:59', 'Aac', NULL, 'kasir', 'belum_selesai'),
(2021111355, '2021-11-13 11:32:59', 'Aaa', NULL, 'kasir', 'belum_selesai'),
(2021111356, '2021-11-13 11:32:59', 'Aab', NULL, 'kasir', 'belum_selesai'),
(2021111357, '2021-11-13 11:32:59', 'Aac', NULL, 'kasir', 'belum_selesai'),
(2021111358, '2021-11-13 11:32:59', 'Aaa', NULL, 'kasir', 'belum_selesai'),
(2021111359, '2021-11-13 11:32:59', 'Aab', NULL, 'kasir', 'belum_selesai'),
(2021111360, '2021-11-13 11:32:59', 'Aac', NULL, 'kasir', 'belum_selesai'),
(2021111361, '2021-11-13 11:32:59', 'Aaa', NULL, 'kasir', 'belum_selesai'),
(2021111362, '2021-11-13 11:32:59', 'Aab', NULL, 'kasir', 'belum_selesai'),
(2021111363, '2021-11-13 11:32:59', 'Aac', NULL, 'kasir', 'belum_selesai'),
(2021111364, '2021-11-13 11:32:59', 'Aaa', NULL, 'kasir', 'belum_selesai'),
(2021111365, '2021-10-31 11:32:00', 'Aab', '', 'kasir', 'selesai'),
(2021111367, '2021-11-13 11:32:59', 'Aaa', NULL, 'kasir', 'belum_selesai'),
(2021111368, '2021-11-13 11:32:59', 'Aab', NULL, 'kasir', 'belum_selesai'),
(2021111369, '2021-11-13 11:32:59', 'Aac', NULL, 'kasir', 'belum_selesai'),
(2021111370, '2021-11-13 11:32:59', 'Aaa', NULL, 'kasir', 'belum_selesai'),
(2021111371, '2021-11-13 11:32:59', 'Aab', NULL, 'kasir', 'belum_selesai'),
(2021111372, '2021-11-13 11:32:59', 'Aac', NULL, 'kasir', 'belum_selesai'),
(2021111373, '2021-11-13 11:32:59', 'Aaa', NULL, 'kasir', 'belum_selesai'),
(2021111374, '2021-11-13 11:32:59', 'Aab', NULL, 'kasir', 'belum_selesai'),
(2021111375, '2021-11-13 11:32:59', 'Aac', NULL, 'kasir', 'belum_selesai'),
(2021111376, '2021-11-13 11:32:59', 'Aaa', NULL, 'kasir', 'belum_selesai'),
(2021111377, '2021-11-13 11:32:59', 'Aab', NULL, 'kasir', 'belum_selesai'),
(2021111378, '2021-11-13 11:32:59', 'Aac', NULL, 'kasir', 'belum_selesai'),
(2021111379, '2021-11-13 11:32:59', 'Aaa', NULL, 'kasir', 'belum_selesai'),
(2021111380, '2021-11-13 11:32:59', 'Aab', NULL, 'kasir', 'belum_selesai'),
(2021111381, '2021-11-13 11:32:59', 'Aac', NULL, 'kasir', 'belum_selesai'),
(2021111382, '2021-11-13 11:32:59', 'Aaa', NULL, 'kasir', 'belum_selesai'),
(2021111383, '2021-11-13 11:32:59', 'Aab', NULL, 'kasir', 'belum_selesai'),
(2021111384, '2021-11-13 11:32:59', 'Aac', NULL, 'kasir', 'belum_selesai'),
(2021111385, '2021-11-13 11:32:59', 'Aaa', NULL, 'kasir', 'belum_selesai'),
(2021111386, '2021-11-13 11:32:59', 'Aab', NULL, 'kasir', 'belum_selesai'),
(2021111387, '2021-11-13 11:32:59', 'Aac', NULL, 'kasir', 'belum_selesai'),
(2021111388, '2021-11-13 11:32:59', 'Aaa', NULL, 'kasir', 'belum_selesai'),
(2021111389, '2021-11-13 11:32:59', 'Aab', NULL, 'kasir', 'belum_selesai'),
(2021111390, '2021-11-13 11:32:59', 'Aac', NULL, 'kasir', 'belum_selesai'),
(2021111391, '2021-11-13 11:32:59', 'Aaa', NULL, 'kasir', 'belum_selesai'),
(2021111392, '2021-11-13 11:32:59', 'Aab', NULL, 'kasir', 'belum_selesai'),
(2021111393, '2021-11-13 11:32:59', 'Aac', NULL, 'kasir', 'belum_selesai'),
(2021111394, '2021-11-13 11:32:59', 'Aaa', NULL, 'kasir', 'belum_selesai'),
(2021111395, '2021-11-13 11:32:59', 'Aab', NULL, 'kasir', 'belum_selesai'),
(2021111396, '2021-11-13 11:32:59', 'Aac', NULL, 'kasir', 'belum_selesai'),
(2021111397, '2021-11-13 11:32:59', 'Aaa', NULL, 'kasir', 'belum_selesai'),
(2021111398, '2021-11-13 11:32:59', 'Aab', NULL, 'kasir', 'belum_selesai'),
(2021111399, '2021-11-13 11:32:59', 'Aac', NULL, 'kasir', 'belum_selesai'),
(2021111400, '2021-11-13 11:32:59', 'Aaa', NULL, 'kasir', 'belum_selesai'),
(2021111401, '2021-11-13 11:32:59', 'Aab', NULL, 'kasir', 'belum_selesai'),
(2021111402, '2021-11-13 11:32:59', 'Aac', NULL, 'kasir', 'belum_selesai'),
(2021111403, '2021-11-13 11:32:59', 'Aaa', NULL, 'kasir', 'belum_selesai'),
(2021111404, '2021-11-13 11:32:59', 'Aab', NULL, 'kasir', 'belum_selesai'),
(2021111405, '2021-11-13 11:32:59', 'Aac', NULL, 'kasir', 'belum_selesai'),
(2021111406, '2021-11-13 11:32:59', 'Aaa', NULL, 'kasir', 'belum_selesai'),
(2021111407, '2021-11-13 11:32:59', 'Aab', NULL, 'kasir', 'belum_selesai'),
(2021111408, '2021-11-13 11:32:59', 'Aac', NULL, 'kasir', 'belum_selesai'),
(2021111409, '2021-11-13 11:32:59', 'Aaa', NULL, 'kasir', 'belum_selesai'),
(2021111410, '2021-11-13 11:32:59', 'Aab', NULL, 'kasir', 'belum_selesai'),
(2021111411, '2021-11-13 11:32:59', 'Aac', NULL, 'kasir', 'belum_selesai'),
(2021111412, '2021-11-13 11:32:59', 'Aaa', NULL, 'kasir', 'belum_selesai'),
(2021111413, '2021-11-13 11:32:59', 'Aab', NULL, 'kasir', 'belum_selesai'),
(2021111414, '2021-11-13 11:32:59', 'Aac', NULL, 'kasir', 'belum_selesai'),
(2021111415, '2021-11-13 11:32:59', 'Aaa', NULL, 'kasir', 'belum_selesai'),
(2021111416, '2021-11-13 11:32:59', 'Aab', NULL, 'kasir', 'belum_selesai'),
(2021111417, '2021-11-13 11:32:59', 'Aac', NULL, 'kasir', 'belum_selesai'),
(2021111418, '2021-11-13 11:32:59', 'Aaa', NULL, 'kasir', 'belum_selesai'),
(2021111419, '2021-11-13 11:32:59', 'Aab', NULL, 'kasir', 'belum_selesai'),
(2021111420, '2021-11-13 11:32:59', 'Aac', NULL, 'kasir', 'belum_selesai'),
(2021111421, '2021-11-13 11:32:59', 'Aaa', NULL, 'kasir', 'belum_selesai'),
(2021111422, '2021-11-13 11:32:59', 'Aab', NULL, 'kasir', 'belum_selesai'),
(2021111423, '2021-11-13 11:32:59', 'Aac', NULL, 'kasir', 'belum_selesai'),
(2021111424, '2021-11-13 11:32:59', 'Aaa', NULL, 'kasir', 'belum_selesai'),
(2021111425, '2021-11-13 11:32:59', 'Aab', NULL, 'kasir', 'belum_selesai'),
(2021111426, '2021-11-13 11:32:59', 'Aac', NULL, 'kasir', 'belum_selesai'),
(2021111427, '2021-11-13 11:32:59', 'Aaa', NULL, 'kasir', 'belum_selesai'),
(2021111428, '2021-11-13 11:32:59', 'Aab', NULL, 'kasir', 'belum_selesai'),
(2021111429, '2021-11-13 11:32:59', 'Aac', NULL, 'kasir', 'belum_selesai'),
(2021111430, '2021-11-13 11:32:59', 'Aaa', NULL, 'kasir', 'belum_selesai'),
(2021111431, '2021-11-13 11:32:59', 'Aab', NULL, 'kasir', 'belum_selesai'),
(2021111432, '2021-11-13 11:32:59', 'Aac', NULL, 'kasir', 'belum_selesai'),
(2021111433, '2021-11-13 11:32:59', 'Aaa', NULL, 'kasir', 'belum_selesai'),
(2021111434, '2021-11-13 11:32:59', 'Aab', NULL, 'kasir', 'belum_selesai'),
(2021111435, '2021-11-13 11:32:59', 'Aac', NULL, 'kasir', 'belum_selesai'),
(2021111436, '2021-11-13 11:32:59', 'Aaa', NULL, 'kasir', 'belum_selesai'),
(2021111437, '2021-11-13 11:32:59', 'Aab', NULL, 'kasir', 'belum_selesai'),
(2021111438, '2021-11-13 11:32:59', 'Aac', NULL, 'kasir', 'belum_selesai'),
(2021111439, '2021-11-13 11:32:59', 'Aaa', NULL, 'kasir', 'belum_selesai'),
(2021111440, '2021-11-13 11:32:59', 'Aab', NULL, 'kasir', 'belum_selesai'),
(2021111441, '2021-11-13 11:32:59', 'Aac', NULL, 'kasir', 'belum_selesai'),
(2021111442, '2021-11-13 11:32:59', 'Aaa', NULL, 'kasir', 'belum_selesai'),
(2021111443, '2021-11-13 11:32:59', 'Aab', NULL, 'kasir', 'belum_selesai'),
(2021111444, '2021-11-13 11:32:59', 'Aac', NULL, 'kasir', 'belum_selesai'),
(2021111445, '2021-11-13 11:32:59', 'Aaa', NULL, 'kasir', 'belum_selesai'),
(2021111446, '2021-11-13 11:32:59', 'Aab', NULL, 'kasir', 'belum_selesai'),
(2021111447, '2021-11-13 11:32:59', 'Aac', NULL, 'kasir', 'belum_selesai'),
(2021111448, '2021-11-13 11:32:59', 'Aaa', NULL, 'kasir', 'belum_selesai'),
(2021111449, '2021-11-13 11:32:59', 'Aab', NULL, 'kasir', 'belum_selesai'),
(2021111450, '2021-11-13 11:32:59', 'Aac', NULL, 'kasir', 'belum_selesai'),
(2021111451, '2021-11-13 11:32:59', 'Aaa', NULL, 'kasir', 'belum_selesai'),
(2021111452, '2021-11-13 11:32:59', 'Aab', NULL, 'kasir', 'belum_selesai'),
(2021111453, '2021-11-13 11:32:59', 'Aac', NULL, 'kasir', 'belum_selesai'),
(2021111454, '2021-11-13 11:32:59', 'Aaa', NULL, 'kasir', 'belum_selesai'),
(2021111455, '2021-11-13 11:32:59', 'Aab', NULL, 'kasir', 'belum_selesai'),
(2021111456, '2021-11-13 11:32:59', 'Aac', NULL, 'kasir', 'belum_selesai'),
(2021111457, '2021-11-13 11:32:59', 'Aaa', NULL, 'kasir', 'belum_selesai'),
(2021111458, '2021-11-13 11:32:59', 'Aab', NULL, 'kasir', 'belum_selesai'),
(2021111459, '2021-11-13 11:32:59', 'Aac', NULL, 'kasir', 'belum_selesai'),
(2021111460, '2021-11-13 11:32:59', 'Aaa', NULL, 'kasir', 'belum_selesai'),
(2021111461, '2021-11-13 11:32:59', 'Aab', NULL, 'kasir', 'belum_selesai'),
(2021111462, '2021-11-13 11:32:59', 'Aac', NULL, 'kasir', 'belum_selesai'),
(2021111463, '2021-11-13 11:32:59', 'Aaa', NULL, 'kasir', 'belum_selesai'),
(2021111464, '2021-11-13 11:32:59', 'Aab', NULL, 'kasir', 'belum_selesai'),
(2021111465, '2021-11-13 11:32:59', 'Aac', NULL, 'kasir', 'belum_selesai'),
(2021111466, '2021-11-13 11:32:59', 'Aaa', NULL, 'kasir', 'belum_selesai'),
(2021111467, '2021-11-13 11:32:59', 'Aab', NULL, 'kasir', 'belum_selesai'),
(2021111468, '2021-11-13 11:32:59', 'Aac', NULL, 'kasir', 'belum_selesai'),
(2021111469, '2021-11-13 11:32:59', 'Aaa', NULL, 'kasir', 'belum_selesai'),
(2021111470, '2021-11-13 11:32:59', 'Aab', NULL, 'kasir', 'belum_selesai'),
(2021111471, '2021-11-13 11:32:59', 'Aac', NULL, 'kasir', 'belum_selesai'),
(2021111472, '2021-11-13 11:32:59', 'Aaa', NULL, 'kasir', 'belum_selesai'),
(2021111473, '2021-11-13 11:32:59', 'Aab', NULL, 'kasir', 'belum_selesai'),
(2021111474, '2021-11-13 11:32:59', 'Aac', NULL, 'kasir', 'belum_selesai'),
(2021111475, '2021-11-13 11:32:59', 'Aaa', NULL, 'kasir', 'belum_selesai'),
(2021111476, '2021-11-13 11:32:59', 'Aab', NULL, 'kasir', 'belum_selesai'),
(2021111477, '2021-11-13 11:32:59', 'Aac', NULL, 'kasir', 'belum_selesai'),
(2021111478, '2021-11-13 11:32:59', 'Aaa', NULL, 'kasir', 'belum_selesai'),
(2021111479, '2021-11-13 11:32:59', 'Aab', NULL, 'kasir', 'belum_selesai'),
(2021111480, '2021-11-13 11:32:59', 'Aac', NULL, 'kasir', 'belum_selesai'),
(2021111481, '2021-11-13 11:32:59', 'Aaa', NULL, 'kasir', 'belum_selesai'),
(2021111482, '2021-11-13 11:32:59', 'Aab', NULL, 'kasir', 'belum_selesai'),
(2021111483, '2021-11-13 11:32:59', 'Aac', NULL, 'kasir', 'belum_selesai'),
(2021111484, '2021-11-13 11:32:59', 'Aaa', NULL, 'kasir', 'belum_selesai'),
(2021111485, '2021-11-13 11:32:59', 'Aab', NULL, 'kasir', 'belum_selesai'),
(2021111486, '2021-11-13 11:32:59', 'Aac', NULL, 'kasir', 'belum_selesai'),
(2021111487, '2021-11-13 11:32:59', 'Aaa', NULL, 'kasir', 'belum_selesai'),
(2021111488, '2021-11-13 11:32:59', 'Aab', NULL, 'kasir', 'belum_selesai'),
(2021111489, '2021-11-13 11:32:59', 'Aac', NULL, 'kasir', 'belum_selesai'),
(2021111490, '2021-11-13 11:32:59', 'Aaa', NULL, 'kasir', 'belum_selesai'),
(2021111491, '2021-11-13 11:32:59', 'Aab', NULL, 'kasir', 'belum_selesai'),
(2021111492, '2021-11-13 11:32:59', 'Aac', NULL, 'kasir', 'belum_selesai'),
(2021111493, '2021-11-13 11:32:59', 'Aaa', NULL, 'kasir', 'belum_selesai'),
(2021111494, '2021-11-13 11:32:59', 'Aab', NULL, 'kasir', 'belum_selesai'),
(2021111495, '2021-11-13 11:32:59', 'Aac', NULL, 'kasir', 'belum_selesai'),
(2021111496, '2021-10-31 11:32:00', 'Aaa', '', 'kasir', 'selesai'),
(2021111497, '2021-11-13 11:32:59', 'Aab', NULL, 'kasir', 'belum_selesai'),
(2021111498, '2021-11-13 11:32:59', 'Aac', NULL, 'kasir', 'belum_selesai'),
(2021111499, '2021-11-13 11:32:59', 'Aaa', NULL, 'kasir', 'belum_selesai'),
(2021111601, '2021-11-16 16:38:00', '123', '1111', 'kasir', 'belum_selesai'),
(2021111602, '2021-11-16 16:52:00', 'aaa', '123', 'kasir', 'belum_selesai'),
(2021111603, '2021-11-16 16:57:00', '1', '1', 'kasir', 'belum_selesai'),
(2021111604, '2021-11-16 16:57:00', '123', '1', 'kasir', 'belum_selesai'),
(2021111605, '2021-11-16 17:04:00', '123', '1', 'kasir', 'belum_selesai'),
(2021111606, '2021-11-16 17:05:00', '', '', 'kasir', 'belum_selesai'),
(2021111607, '2021-11-16 17:05:00', '', '', 'kasir', 'belum_selesai'),
(2021111608, '2021-11-16 17:09:00', '', '', 'kasir', 'belum_selesai'),
(2021111609, '2021-11-16 17:10:00', '', '', 'kasir', 'belum_selesai'),
(2021111610, '2021-11-16 17:18:00', '', '', 'kasir', 'belum_selesai'),
(2021111611, '2021-11-16 17:18:00', '', '', 'kasir', 'belum_selesai'),
(2021111612, '2021-11-16 17:30:00', '', '', 'kasir', 'belum_selesai'),
(2021111613, '2021-11-16 17:40:00', '', '', 'kasir', 'belum_selesai'),
(2021111614, '2021-11-16 17:46:00', '', '', 'kasir', 'belum_selesai'),
(2021111615, '2021-11-16 17:47:00', '', '', 'kasir', 'belum_selesai'),
(2021111616, '2021-11-16 18:52:00', '', '', 'kasir', 'belum_selesai'),
(2021111617, '2021-11-16 18:54:00', '', '', 'kasir', 'belum_selesai'),
(2021111618, '2021-11-16 18:54:00', '', '', 'kasir', 'belum_selesai'),
(2021111619, '2021-11-16 19:03:00', '', '', 'kasir', 'belum_selesai'),
(2021111620, '2021-11-16 19:04:00', '', '', 'kasir', 'belum_selesai'),
(2021111621, '2021-11-16 19:06:00', '', '', 'kasir', 'belum_selesai'),
(2021111622, '2021-11-16 19:08:00', '', '', 'kasir', 'belum_selesai'),
(2021111623, '2021-11-16 19:21:00', '', '', 'kasir', 'belum_selesai'),
(2021111624, '2021-11-16 19:26:00', '', '', 'kasir', 'belum_selesai'),
(2021111625, '2021-11-16 19:29:00', '', '', 'kasir', 'belum_selesai'),
(2021111626, '2021-11-16 19:36:00', '', '', 'kasir', 'belum_selesai'),
(2021111627, '2021-11-16 19:41:00', '', '', 'kasir', 'belum_selesai'),
(2021111628, '2021-11-16 19:42:00', '', '', 'kasir', 'belum_selesai'),
(2021111629, '2021-11-16 19:55:00', '', '', 'kasir', 'belum_selesai'),
(2021111630, '2021-11-16 19:56:00', '', '', 'kasir', 'belum_selesai'),
(2021111631, '2021-11-16 20:15:00', '', '', 'kasir', 'belum_selesai'),
(2021111632, '2021-11-16 20:16:00', '', '', 'kasir', 'belum_selesai'),
(2021111633, '2021-11-16 20:18:00', '', '', 'kasir', 'belum_selesai'),
(2021111634, '2021-11-16 20:22:00', '', '', 'kasir', 'belum_selesai'),
(2021111635, '2021-11-16 20:24:00', '', '', 'kasir', 'belum_selesai'),
(2021111636, '2021-11-16 20:24:00', '', '', 'kasir', 'belum_selesai'),
(2021111637, '2021-11-16 20:26:00', '', '', 'kasir', 'belum_selesai'),
(2021111638, '2021-11-16 20:27:00', '', '', 'kasir', 'belum_selesai'),
(2021111639, '2021-11-16 20:28:00', '', '', 'kasir', 'belum_selesai'),
(2021111640, '2021-11-16 20:31:00', '', '', 'kasir', 'belum_selesai'),
(2021111641, '2021-11-16 20:32:00', '', '', 'kasir', 'belum_selesai'),
(2021111642, '2021-11-16 20:32:00', '', '', 'kasir', 'belum_selesai'),
(2021111643, '2021-11-16 20:33:00', '', '', 'kasir', 'belum_selesai'),
(2021111644, '2021-11-16 20:34:00', '', '', 'kasir', 'belum_selesai'),
(2021111645, '2021-11-16 20:36:00', '', '', 'kasir', 'belum_selesai'),
(2021111646, '2021-11-16 20:38:00', '', '', 'kasir', 'belum_selesai'),
(2021111647, '2021-11-16 20:41:00', '', '', 'kasir', 'belum_selesai'),
(2021111648, '2021-11-16 20:44:00', '', '', 'kasir', 'belum_selesai'),
(2021111649, '2021-11-16 20:45:00', '', '', 'kasir', 'belum_selesai'),
(2021111650, '2021-11-16 20:45:00', '', '', 'kasir', 'belum_selesai'),
(2021111651, '2021-11-16 20:46:00', '', '', 'kasir', 'belum_selesai'),
(2021111652, '2021-11-16 20:47:00', '', '', 'kasir', 'belum_selesai'),
(2021111653, '2021-11-16 20:48:00', '', '', 'kasir', 'belum_selesai'),
(2021111654, '2021-11-16 20:54:00', '', '', 'kasir', 'belum_selesai'),
(2021111655, '2021-11-16 21:18:00', '', '', 'kasir', 'belum_selesai'),
(2021111656, '2021-11-16 21:20:00', '', '', 'kasir', 'belum_selesai'),
(2021111657, '2021-11-16 21:39:00', '', '', 'kasir', 'belum_selesai'),
(2021111658, '2021-11-16 21:40:00', '', '', 'kasir', 'belum_selesai'),
(2021111659, '2021-11-16 21:42:00', '', '', 'kasir', 'belum_selesai'),
(2021111660, '2021-11-16 21:43:00', '', '', 'kasir', 'belum_selesai'),
(2021111661, '2021-11-16 22:01:00', '', '', 'kasir', 'belum_selesai'),
(2021111662, '2021-11-16 22:02:00', '', '', 'kasir', 'belum_selesai'),
(2021111663, '2021-11-16 22:10:00', '', '', 'kasir', 'belum_selesai'),
(2021111664, '2021-11-16 22:15:00', '', '', 'kasir', 'belum_selesai'),
(2021111665, '2021-11-16 22:21:00', '', '', 'kasir', 'belum_selesai'),
(2021111666, '2021-11-16 22:22:00', '', '', 'kasir', 'belum_selesai'),
(2021111667, '2021-11-16 22:24:00', '', '', 'kasir', 'belum_selesai'),
(2021111668, '2021-11-16 22:25:00', '', '', 'kasir', 'belum_selesai'),
(2021111669, '2021-11-16 22:25:00', '', '', 'kasir', 'belum_selesai'),
(2021111670, '2021-11-16 22:27:00', '', '', 'kasir', 'belum_selesai'),
(2021111671, '2021-11-16 22:28:00', '', '', 'kasir', 'selesai'),
(2021111672, '2021-11-16 22:29:00', '', '', 'kasir', 'selesai'),
(2021111673, '2021-11-16 22:53:00', '', '', 'kasir', 'belum_selesai'),
(2021111674, '2021-11-16 23:11:00', '', '', 'kasir', 'belum_selesai'),
(2021111675, '2021-11-16 23:12:00', '', '', 'kasir', 'belum_selesai'),
(2021111676, '2021-11-16 23:17:00', '', '', 'kasir', 'belum_selesai'),
(2021111677, '2021-11-16 23:30:00', '', '', 'kasir', 'belum_selesai'),
(2021111678, '2021-11-16 23:49:00', '', '', 'kasir', 'belum_selesai'),
(2021111679, '2021-11-16 23:49:00', '', '', 'kasir', 'belum_selesai'),
(2021111680, '2021-11-16 23:51:00', '', '', 'kasir', 'belum_selesai'),
(2021111681, '2021-11-16 23:52:00', '', '', 'kasir', 'belum_selesai'),
(2021111682, '2021-11-17 00:02:00', '', '', 'kasir', 'belum_selesai'),
(2021111683, '2021-11-17 00:02:00', '', '', 'kasir', 'belum_selesai'),
(2021111684, '2021-11-17 00:08:00', '', '', 'kasir', 'belum_selesai'),
(2021111685, '2021-11-17 00:09:00', '', '', 'kasir', 'belum_selesai'),
(2021111686, '2021-11-17 00:13:00', '', '', 'kasir', 'belum_selesai'),
(2021111687, '2021-11-17 00:15:00', '', '', 'kasir', 'belum_selesai'),
(2021111688, '2021-11-17 00:18:00', '', '', 'kasir', 'belum_selesai'),
(2021111689, '2021-11-17 00:19:00', '', '', 'kasir', 'belum_selesai'),
(2021111690, '2021-11-17 00:20:00', '', '', 'kasir', 'belum_selesai'),
(2021111691, '2021-11-17 00:43:00', '', '', 'kasir', 'belum_selesai'),
(2021111692, '2021-11-17 00:44:00', '', '', 'kasir', 'belum_selesai'),
(2021111693, '2021-11-17 00:45:00', '', '', 'kasir', 'selesai'),
(2021111697, '2021-11-17 00:55:00', '', '', 'kasir', 'selesai'),
(2021111698, '2021-11-17 00:57:00', '', '', 'kasir', 'selesai'),
(2021111699, '2021-11-17 01:02:00', '', '', 'kasir', 'selesai'),
(2021111701, '2021-11-17 08:45:00', '', '', 'kasir', 'selesai'),
(2021111702, '2021-11-17 08:49:00', '', '', 'kasir', 'selesai'),
(2021111703, '2021-11-17 08:51:00', '', '', 'kasir', 'selesai'),
(2021112201, '2021-11-22 09:23:00', '', '', 'kasir', 'selesai'),
(2021112203, '2021-11-22 09:26:00', 'KAskus', 'BD 352 AC', 'kasir', 'selesai'),
(2021112204, '2021-11-22 17:47:00', '', '', 'adminsupegn', 'belum_selesai'),
(2021112205, '2021-11-22 18:29:00', '', '', 'adminsupegn', 'belum_selesai'),
(2021112206, '2021-11-22 18:34:00', '', '', 'adminsupegn', 'belum_selesai'),
(2021112207, '2021-11-22 18:34:00', '', '', 'adminsupegn', 'belum_selesai'),
(2021112208, '2021-11-22 18:35:00', '', '', 'adminsupegn', 'belum_selesai'),
(2021112209, '2021-11-22 18:35:00', '', '', 'adminsupegn', 'belum_selesai'),
(2021112210, '2021-11-22 18:36:00', '', '', 'adminsupegn', 'belum_selesai'),
(2021112211, '2021-11-22 18:37:00', '', '', 'adminsupegn', 'belum_selesai'),
(2021112212, '2021-11-22 18:49:00', '', '', 'adminsupegn', 'belum_selesai'),
(2021112213, '2021-11-22 19:04:00', '', '', 'adminsupegn', 'belum_selesai'),
(2021112214, '2021-11-22 20:42:00', 'PPPPPP', 'Ughhh', 'kasir', 'selesai'),
(2021112215, '2021-11-22 20:44:00', 'Aku suka kamu', '', 'kasir', 'selesai'),
(2021112301, '2021-11-23 11:16:00', '', '', 'kasir', 'belum_selesai'),
(2021112302, '2021-11-23 12:15:00', '', '', 'kasir', 'selesai'),
(2021112303, '2021-11-23 12:18:00', '', '', 'kasir', 'selesai'),
(2021112304, '2021-11-23 12:21:00', '', '', 'kasir', 'belum_selesai'),
(2021112305, '2021-11-23 12:22:00', '', '', 'kasir', 'selesai'),
(2021112306, '2021-11-23 12:25:00', '', '', 'kasir', 'selesai'),
(2021112307, '2021-11-23 12:27:00', '', '', 'kasir', 'selesai'),
(2021112308, '2021-11-23 12:28:00', '', '', 'kasir', 'belum_selesai'),
(2021112309, '2021-11-23 12:38:00', '', '', 'kasir', 'belum_selesai'),
(2021112310, '2021-11-23 12:39:00', '', '', 'kasir', 'belum_selesai'),
(2021112311, '2021-11-23 13:17:00', '1', '1', 'kasir', 'selesai'),
(2021112501, '2021-11-25 11:00:00', '', '', 'kasir', 'selesai'),
(2021112502, '2021-11-25 17:20:00', '', '', 'kasir', 'selesai'),
(2021112601, '2021-11-26 09:52:00', 'a', 'a', 'kasir', 'selesai'),
(2021112602, '2021-11-26 10:03:00', '', '', 'kasir', 'belum_selesai'),
(2021112603, '2021-11-26 10:08:00', '', '', 'kasir', 'belum_selesai'),
(2021112604, '2021-11-26 10:19:00', '', '', 'kasir', 'selesai'),
(2021112605, '2021-11-26 10:22:00', '', '', 'kasir', 'selesai'),
(2021112606, '2021-11-26 10:23:00', '', '', 'kasir', 'selesai');

-- --------------------------------------------------------

--
-- Table structure for table `tb_pembelian`
--

CREATE TABLE `tb_pembelian` (
  `beli_idpo` int(11) NOT NULL,
  `beli_idbrg` int(11) NOT NULL,
  `beli_jumlahbrg` int(4) DEFAULT NULL
) ENGINE=InnoDB DEFAULT CHARSET=utf8mb4;

--
-- Dumping data for table `tb_pembelian`
--

INSERT INTO `tb_pembelian` (`beli_idpo`, `beli_idbrg`, `beli_jumlahbrg`) VALUES
(2021110001, 101010, 10),
(2021110001, 101011, 11),
(2021110001, 101015, 12),
(2021110001, 101020, 100),
(2021110001, 102012, 13),
(2021110002, 101011, 100),
(2021110002, 102014, 99),
(2021110002, 103013, 66),
(2021110020, 101010, 11),
(2021110021, 102018, 11),
(2021110022, 101010, 11),
(2021110024, 101011, 11),
(2021110025, 101012, 11),
(2021110026, 101010, 11),
(2021110027, 101015, 123),
(2021110028, 101020, 11),
(2021110029, 101015, 11),
(2021110030, 101011, 77),
(2021110031, 101015, 111),
(2021110032, 101016, 11),
(2021110033, 101012, 11),
(2021110034, 101011, 11),
(2021110035, 101011, 11),
(2021110036, 101010, 11),
(2021110037, 101011, 11),
(2021110053, 101001, 11),
(2021110054, 101015, 11),
(2021110055, 101010, 11),
(2021110056, 101015, 123),
(2021110060, 101010, 11),
(2021110061, 102010, 11),
(2021110061, 102012, 12),
(2021110061, 103012, 13),
(2021110063, 101010, 11),
(2021110063, 101011, 12),
(2021110063, 101012, 1),
(2021110063, 101015, 12),
(2021110063, 101016, 1),
(2021110063, 103013, 1),
(2021110064, 101001, 1),
(2021110064, 101010, 1),
(2021110065, 101012, 12),
(2021110066, 101011, 1),
(2021110066, 101012, 3),
(2021110067, 101010, 1),
(2021110070, 101010, 1),
(2021110071, 101010, 3),
(2021110071, 101011, 123),
(2021110073, 101011, 12),
(2021110075, 101001, 1),
(2021110076, 101011, 123),
(2021110077, 101001, 11),
(2021110077, 101011, 123),
(2021110078, 101010, 1),
(2021110078, 101011, 1),
(2021110078, 101012, 1),
(2021110079, 101001, 1),
(2021110079, 101010, 123),
(2021110080, 101001, 124),
(2021110080, 101010, 124),
(2021110081, 101001, 1),
(2021110081, 101010, 123),
(2021110083, 101011, 1),
(2021110084, 101010, 12),
(2021110085, 101010, 12),
(2021110086, 101001, 87),
(2021110087, 101001, 1),
(2021110088, 101001, 1),
(2021110089, 101001, 123),
(2021110089, 101010, 1),
(2021110090, 101001, 1234),
(2021110090, 101010, 12345),
(2021110091, 101001, 23),
(2021110091, 101010, 1),
(2021110092, 101010, 123),
(2021110092, 101011, 1234),
(2021110094, 101001, 1235),
(2021110094, 101011, 123),
(2021110095, 101001, 1),
(2021110096, 101001, 1),
(2021110097, 101001, 123),
(2021110098, 101001, 123),
(2021110099, 101010, 12345),
(2021110100, 101001, 123),
(2021110101, 101001, 1234),
(2021110102, 101001, 123),
(2021110103, 101001, 12345),
(2021110104, 101001, 12345),
(2021110105, 101011, 12345),
(2021110105, 101012, 12345),
(2021110106, 101001, 12345),
(2021110106, 101010, 1),
(2021110107, 101001, 1),
(2021110107, 101010, 1),
(2021110108, 101001, 1),
(2021110109, 101001, 1),
(2021110110, 101001, 1),
(2021110116, 101010, 1234),
(2021110117, 101001, 123),
(2021110119, 101010, 123),
(2021110121, 101010, 1),
(2021110128, 101010, 1),
(2021110129, 101015, 1),
(2021110130, 102008, 1),
(2021110131, 101015, 1),
(2021110132, 101010, 12),
(2021110133, 101001, 12345),
(2021110140, 101001, 123),
(2021110141, 101010, 123),
(2021110142, 101010, 738),
(2021110142, 101012, 246),
(2021110149, 101001, 1122),
(2021110150, 101010, 123),
(2021110151, 101001, 123),
(2021110152, 101001, 123),
(2021110153, 101001, 123),
(2021110156, 101001, 123),
(2021110157, 101001, 124),
(2021110158, 101010, 123),
(2021110159, 101001, 123),
(2021110160, 101010, 123),
(2021110161, 101001, 123),
(2021110162, 101011, 123),
(2021110163, 101001, 23),
(2021110164, 101010, 123),
(2021110165, 101010, 369),
(2021110167, 101010, 496),
(2021110168, 101010, 123),
(2021110169, 101010, 369),
(2021110170, 101001, 123),
(2021110170, 101010, 234),
(2021110171, 101001, 123),
(2021110171, 101010, 123),
(2021110172, 101001, 123),
(2021110172, 101016, 123),
(2021110173, 101010, 123),
(2021110174, 101001, 1234),
(2021110174, 101011, 1234),
(2021110175, 101001, 13),
(2021110175, 101010, 123),
(2021110175, 102014, 1234),
(2021110180, 101001, 492),
(2021110180, 101010, 123),
(2021110181, 101001, 2706),
(2021110184, 101001, 123),
(2021110212, 101010, 12345),
(2021110219, 101010, 123),
(2021110222, 101010, 12345),
(2021110223, 101001, 123),
(2021110224, 101011, 123),
(2021110224, 101015, 123),
(2021110230, 101011, 123),
(2021110231, 101001, 123),
(2021110232, 101011, 123),
(2021110233, 101001, 1),
(2021110234, 101010, 123),
(2021110235, 101001, 123),
(2021110236, 101001, 123),
(2021110237, 101011, 401),
(2021110238, 101001, 280),
(2021110239, 101001, 150),
(2021110239, 101010, 90),
(2021110239, 101011, 13),
(2021110240, 101001, 30),
(2021110240, 101010, 20),
(2021110241, 101001, 40),
(2021110241, 101010, 10),
(2021110242, 101001, 30),
(2021110242, 101010, 25),
(2021110243, 101001, 40),
(2021110243, 101010, 30),
(2021110243, 101011, 20),
(2021110244, 101001, 4),
(2021110244, 101010, 4),
(2021110244, 101011, 1),
(2021110245, 101001, 125),
(2021110245, 101010, 1),
(2021110245, 101011, 126),
(2021110245, 101012, 372),
(2021110246, 101001, 123),
(2021110246, 101010, 48),
(2021110246, 101011, 74),
(2021110246, 101016, 13),
(2021110247, 101001, 1),
(2021110248, 101001, 1),
(2021110248, 101010, 1),
(2021110249, 101001, 123),
(2021110250, 101001, 2),
(2021110251, 101001, 1),
(2021110252, 101001, 123),
(2021110252, 101010, 123),
(2021110252, 101016, 123),
(2021110253, 101001, 12),
(2021110254, 101001, 123),
(2021110255, 101001, 123),
(2021110257, 101001, 861),
(2021110258, 101001, 255),
(2021110259, 101001, 246),
(2021110260, 101010, 290),
(2021110261, 101010, 123),
(2021110262, 101010, 1554),
(2021110263, 101010, 1),
(2021110264, 101001, 246),
(2021110265, 101001, 374),
(2021110266, 101001, 7),
(2021110267, 101010, 123),
(2021110267, 101011, 123),
(2021110268, 101001, 1234),
(2021110270, 101001, 2),
(2021110272, 101010, 246),
(2021110273, 101001, 123),
(2021110273, 101012, 11),
(2021110274, 101001, 99),
(2021110275, 101001, 123),
(2021110275, 101011, 123),
(2021110276, 101001, 246),
(2021110277, 101001, 1),
(2021110280, 101001, 369),
(2021110281, 101001, 132),
(2021110282, 101001, 123),
(2021110282, 101010, 123),
(2021110284, 101001, 123),
(2021110285, 101001, 246),
(2021110287, 101001, 492),
(2021110290, 101001, 1443),
(2021110302, 101001, 123),
(2021110309, 101011, 234),
(2021110310, 101001, 10),
(2021110310, 101017, 1),
(2021110310, 101020, 12),
(2021110310, 102018, 11),
(2021110310, 103015, 18),
(2021110311, 101001, 123),
(2021110311, 101010, 123),
(2021110316, 101001, 123),
(2021110317, 101001, 999),
(2021110317, 101020, 999),
(2021110317, 103020, 999),
(2021110318, 101010, 123),
(2021110319, 101001, 999),
(2021110320, 101001, 9999),
(2021110320, 101010, 123),
(2021110320, 101012, 123),
(2021110321, 101001, 123),
(2021110321, 101010, 123),
(2021110321, 101011, 123),
(2021110322, 101010, 123),
(2021110323, 101001, 100),
(2021110324, 101010, 123),
(2021110324, 101012, 246),
(2021110325, 101001, 1),
(2021110325, 101010, 1),
(2021110325, 101011, 1),
(2021110325, 101012, 1),
(2021110325, 101015, 1),
(2021110325, 101016, 1),
(2021110325, 101018, 1),
(2021110325, 101019, 1),
(2021110325, 102010, 1),
(2021110325, 102015, 1),
(2021110327, 101010, 12345),
(2021110328, 101001, 1000),
(2021110329, 107001, 1000);

-- --------------------------------------------------------

--
-- Table structure for table `tb_penjualan`
--

CREATE TABLE `tb_penjualan` (
  `jual_idnota` int(11) NOT NULL,
  `jual_idbrg` int(11) NOT NULL,
  `jual_diskon` int(11) DEFAULT NULL COMMENT 'diskon dalam ribuan rupiah',
  `jual_jumlahbrg` int(4) DEFAULT NULL
) ENGINE=InnoDB DEFAULT CHARSET=utf8mb4;

--
-- Dumping data for table `tb_penjualan`
--

INSERT INTO `tb_penjualan` (`jual_idnota`, `jual_idbrg`, `jual_diskon`, `jual_jumlahbrg`) VALUES
(2021111303, 101001, 10000, 1000),
(2021111303, 101019, 0, 1),
(2021111316, 101001, 10000, 100),
(2021111316, 101015, 0, 11),
(2021111316, 101019, 0, 1),
(2021111317, 101001, 10000, 100),
(2021111317, 101015, 0, 11),
(2021111317, 101019, 0, 1),
(2021111318, 101001, 10000, 100),
(2021111318, 101015, 0, 11),
(2021111318, 101019, 0, 1),
(2021111319, 101001, 10000, 100),
(2021111319, 101015, 0, 11),
(2021111319, 101019, 0, 1),
(2021111320, 101011, 123, 7),
(2021111320, 101012, 9, 9),
(2021111320, 101015, 0, 11),
(2021111321, 101001, 10000, 100),
(2021111321, 101015, 0, 11),
(2021111321, 101019, 0, 1),
(2021111322, 101001, 10000, 100),
(2021111322, 101015, 0, 11),
(2021111322, 101019, 0, 1),
(2021111323, 101001, 10000, 100),
(2021111323, 101015, 0, 11),
(2021111323, 101019, 0, 1),
(2021111324, 101001, 10000, 100),
(2021111324, 101015, 0, 11),
(2021111324, 101019, 0, 1),
(2021111326, 101001, 10000, 100),
(2021111326, 101015, 0, 11),
(2021111327, 101019, 0, 1),
(2021111328, 101015, 0, 11),
(2021111328, 101019, 0, 1),
(2021111329, 101001, 10000, 100),
(2021111329, 101015, 0, 11),
(2021111329, 101019, 0, 1),
(2021111330, 101001, 10000, 100),
(2021111330, 101015, 0, 11),
(2021111330, 101019, 0, 1),
(2021111331, 101001, 10000, 100),
(2021111331, 101015, 0, 11),
(2021111331, 101019, 0, 1),
(2021111332, 101001, 10000, 100),
(2021111332, 101015, 0, 11),
(2021111332, 101019, 0, 1),
(2021111333, 101001, 10000, 100),
(2021111333, 101015, 0, 11),
(2021111333, 101019, 0, 1),
(2021111334, 101001, 10000, 100),
(2021111334, 101015, 0, 11),
(2021111334, 101019, 0, 1),
(2021111335, 101001, 10000, 100),
(2021111335, 101015, 0, 11),
(2021111335, 101019, 0, 1),
(2021111336, 101001, 10000, 100),
(2021111336, 101015, 0, 11),
(2021111336, 101019, 0, 1),
(2021111337, 101001, 10000, 100),
(2021111337, 101015, 0, 11),
(2021111337, 101019, 0, 1),
(2021111338, 101001, 10000, 100),
(2021111338, 101015, 0, 11),
(2021111338, 101019, 0, 1),
(2021111339, 101001, 10000, 100),
(2021111339, 101015, 0, 11),
(2021111339, 101019, 0, 1),
(2021111340, 101001, 10000, 100),
(2021111340, 101015, 0, 11),
(2021111340, 101019, 0, 1),
(2021111341, 101001, 10000, 100),
(2021111341, 101015, 0, 11),
(2021111341, 101019, 0, 1),
(2021111342, 101001, 10000, 100),
(2021111342, 101015, 0, 11),
(2021111342, 101019, 0, 1),
(2021111343, 101001, 10000, 100),
(2021111343, 101015, 0, 11),
(2021111343, 101019, 0, 1),
(2021111345, 101001, 10000, 100),
(2021111345, 101015, 0, 11),
(2021111345, 101019, 0, 1),
(2021111346, 101001, 10000, 100),
(2021111346, 101015, 0, 11),
(2021111346, 101019, 0, 1),
(2021111347, 101001, 10000, 100),
(2021111347, 101015, 0, 11),
(2021111347, 101019, 0, 1),
(2021111348, 101001, 10000, 100),
(2021111348, 101015, 0, 11),
(2021111348, 101019, 0, 1),
(2021111349, 101001, 10000, 100),
(2021111349, 101015, 0, 11),
(2021111349, 101019, 0, 1),
(2021111350, 101001, 10000, 100),
(2021111350, 101015, 0, 11),
(2021111350, 101019, 0, 1),
(2021111351, 101001, 10000, 100),
(2021111351, 101015, 0, 11),
(2021111351, 101019, 0, 1),
(2021111352, 101001, 10000, 100),
(2021111352, 101015, 0, 11),
(2021111352, 101019, 0, 1),
(2021111353, 101001, 10000, 100),
(2021111353, 101015, 0, 11),
(2021111353, 101019, 0, 1),
(2021111354, 101001, 10000, 100),
(2021111354, 101015, 0, 11),
(2021111354, 101019, 0, 1),
(2021111355, 101019, 0, 1),
(2021111356, 101019, 0, 1),
(2021111358, 101001, 10000, 100),
(2021111358, 101015, 0, 11),
(2021111358, 101019, 0, 1),
(2021111359, 101001, 10000, 100),
(2021111359, 101015, 0, 11),
(2021111359, 101019, 0, 1),
(2021111360, 101001, 10000, 100),
(2021111360, 101015, 0, 11),
(2021111360, 101019, 0, 1),
(2021111361, 101001, 10000, 100),
(2021111361, 101015, 0, 11),
(2021111361, 101019, 0, 1),
(2021111363, 101019, 0, 1),
(2021111365, 101001, 10000, 100),
(2021111365, 101015, 0, 11),
(2021111365, 101019, 0, 1),
(2021111367, 101019, 0, 1),
(2021111368, 101019, 0, 1),
(2021111369, 101001, 10000, 100),
(2021111369, 101015, 0, 11),
(2021111369, 101019, 0, 1),
(2021111370, 101001, 10000, 100),
(2021111370, 101015, 0, 11),
(2021111370, 101019, 0, 1),
(2021111371, 101001, 10000, 100),
(2021111371, 101015, 0, 11),
(2021111371, 101019, 0, 1),
(2021111372, 101001, 10000, 100),
(2021111372, 101015, 0, 11),
(2021111372, 101019, 0, 1),
(2021111373, 101001, 10000, 100),
(2021111373, 101015, 0, 11),
(2021111373, 101019, 0, 1),
(2021111374, 101001, 10000, 100),
(2021111374, 101015, 0, 11),
(2021111374, 101019, 0, 1),
(2021111375, 101001, 10000, 100),
(2021111375, 101015, 0, 11),
(2021111375, 101019, 0, 1),
(2021111376, 101001, 10000, 100),
(2021111376, 101015, 0, 11),
(2021111376, 101019, 0, 1),
(2021111377, 101001, 10000, 100),
(2021111377, 101015, 0, 11),
(2021111377, 101019, 0, 1),
(2021111378, 101001, 10000, 100),
(2021111378, 101015, 0, 11),
(2021111378, 101019, 0, 1),
(2021111379, 101001, 10000, 100),
(2021111379, 101015, 0, 11),
(2021111379, 101019, 0, 1),
(2021111380, 101001, 10000, 100),
(2021111380, 101015, 0, 11),
(2021111380, 101019, 0, 1),
(2021111381, 101001, 10000, 100),
(2021111381, 101015, 0, 11),
(2021111381, 101019, 0, 1),
(2021111382, 101001, 10000, 100),
(2021111382, 101015, 0, 11),
(2021111382, 101019, 0, 1),
(2021111383, 101001, 10000, 100),
(2021111383, 101015, 0, 11),
(2021111383, 101019, 0, 1),
(2021111384, 101001, 10000, 100),
(2021111384, 101015, 0, 11),
(2021111384, 101019, 0, 1),
(2021111385, 101001, 10000, 100),
(2021111385, 101015, 0, 11),
(2021111385, 101019, 0, 1),
(2021111386, 101001, 10000, 100),
(2021111386, 101015, 0, 11),
(2021111386, 101019, 0, 1),
(2021111387, 101001, 10000, 100),
(2021111387, 101015, 0, 11),
(2021111387, 101019, 0, 1),
(2021111388, 101001, 10000, 100),
(2021111388, 101015, 0, 11),
(2021111388, 101019, 0, 1),
(2021111389, 101001, 10000, 100),
(2021111389, 101015, 0, 11),
(2021111389, 101019, 0, 1),
(2021111390, 101001, 10000, 100),
(2021111390, 101015, 0, 11),
(2021111390, 101019, 0, 1),
(2021111391, 101001, 10000, 100),
(2021111391, 101015, 0, 11),
(2021111391, 101019, 0, 1),
(2021111392, 101001, 10000, 100),
(2021111392, 101015, 0, 11),
(2021111392, 101019, 0, 1),
(2021111393, 101001, 10000, 100),
(2021111393, 101015, 0, 11),
(2021111393, 101019, 0, 1),
(2021111394, 101001, 10000, 100),
(2021111394, 101015, 0, 11),
(2021111394, 101019, 0, 1),
(2021111395, 101001, 10000, 100),
(2021111395, 101015, 0, 11),
(2021111395, 101019, 0, 1),
(2021111396, 101001, 10000, 100),
(2021111396, 101015, 0, 11),
(2021111396, 101019, 0, 1),
(2021111397, 101001, 10000, 100),
(2021111397, 101015, 0, 11),
(2021111397, 101019, 0, 1),
(2021111398, 101001, 10000, 100),
(2021111398, 101015, 0, 11),
(2021111398, 101019, 0, 1),
(2021111399, 101001, 10000, 100),
(2021111399, 101015, 0, 11),
(2021111399, 101019, 0, 1),
(2021111400, 101001, 10000, 100),
(2021111400, 101015, 0, 11),
(2021111400, 101019, 0, 1),
(2021111401, 101001, 10000, 100),
(2021111401, 101015, 0, 11),
(2021111401, 101019, 0, 1),
(2021111402, 101001, 10000, 100),
(2021111402, 101015, 0, 11),
(2021111402, 101019, 0, 1),
(2021111403, 101001, 10000, 100),
(2021111403, 101015, 0, 11),
(2021111403, 101019, 0, 1),
(2021111404, 101001, 10000, 100),
(2021111404, 101015, 0, 11),
(2021111404, 101019, 0, 1),
(2021111405, 101001, 10000, 100),
(2021111405, 101015, 0, 11),
(2021111405, 101019, 0, 1),
(2021111406, 101001, 10000, 100),
(2021111406, 101015, 0, 11),
(2021111406, 101019, 0, 1),
(2021111407, 101001, 10000, 100),
(2021111407, 101015, 0, 11),
(2021111407, 101019, 0, 1),
(2021111408, 101001, 10000, 100),
(2021111408, 101015, 0, 11),
(2021111408, 101019, 0, 1),
(2021111409, 101001, 10000, 100),
(2021111409, 101015, 0, 11),
(2021111409, 101019, 0, 1),
(2021111410, 101001, 10000, 100),
(2021111410, 101015, 0, 11),
(2021111410, 101019, 0, 1),
(2021111411, 101001, 10000, 100),
(2021111411, 101015, 0, 11),
(2021111411, 101019, 0, 1),
(2021111412, 101001, 10000, 100),
(2021111412, 101015, 0, 11),
(2021111412, 101019, 0, 1),
(2021111413, 101001, 10000, 100),
(2021111413, 101015, 0, 11),
(2021111413, 101019, 0, 1),
(2021111414, 101001, 10000, 100),
(2021111414, 101015, 0, 11),
(2021111414, 101019, 0, 1),
(2021111415, 101001, 10000, 100),
(2021111415, 101015, 0, 11),
(2021111415, 101019, 0, 1),
(2021111416, 101001, 10000, 100),
(2021111416, 101015, 0, 11),
(2021111416, 101019, 0, 1),
(2021111417, 101001, 10000, 100),
(2021111417, 101015, 0, 11),
(2021111417, 101019, 0, 1),
(2021111418, 101001, 10000, 100),
(2021111418, 101015, 0, 11),
(2021111418, 101019, 0, 1),
(2021111419, 101001, 10000, 100),
(2021111419, 101015, 0, 11),
(2021111419, 101019, 0, 1),
(2021111420, 101001, 10000, 100),
(2021111420, 101015, 0, 11),
(2021111420, 101019, 0, 1),
(2021111421, 101001, 10000, 100),
(2021111421, 101015, 0, 11),
(2021111421, 101019, 0, 1),
(2021111422, 101001, 10000, 100),
(2021111422, 101015, 0, 11),
(2021111422, 101019, 0, 1),
(2021111423, 101001, 10000, 100),
(2021111423, 101015, 0, 11),
(2021111423, 101019, 0, 1),
(2021111424, 101001, 10000, 100),
(2021111424, 101015, 0, 11),
(2021111424, 101019, 0, 1),
(2021111425, 101001, 10000, 100),
(2021111425, 101015, 0, 11),
(2021111425, 101019, 0, 1),
(2021111426, 101001, 10000, 100),
(2021111426, 101015, 0, 11),
(2021111426, 101019, 0, 1),
(2021111427, 101001, 10000, 100),
(2021111427, 101015, 0, 11),
(2021111427, 101019, 0, 1),
(2021111428, 101001, 10000, 100),
(2021111428, 101015, 0, 11),
(2021111428, 101019, 0, 1),
(2021111429, 101001, 10000, 100),
(2021111429, 101015, 0, 11),
(2021111429, 101019, 0, 1),
(2021111430, 101001, 10000, 100),
(2021111430, 101015, 0, 11),
(2021111430, 101019, 0, 1),
(2021111431, 101001, 10000, 100),
(2021111431, 101015, 0, 11),
(2021111431, 101019, 0, 1),
(2021111432, 101001, 10000, 100),
(2021111432, 101015, 0, 11),
(2021111432, 101019, 0, 1),
(2021111433, 101001, 10000, 100),
(2021111433, 101015, 0, 11),
(2021111433, 101019, 0, 1),
(2021111434, 101001, 10000, 100),
(2021111434, 101015, 0, 11),
(2021111434, 101019, 0, 1),
(2021111435, 101001, 10000, 100),
(2021111435, 101015, 0, 11),
(2021111435, 101019, 0, 1),
(2021111436, 101001, 10000, 100),
(2021111436, 101015, 0, 11),
(2021111436, 101019, 0, 1),
(2021111437, 101001, 10000, 100),
(2021111437, 101015, 0, 11),
(2021111437, 101019, 0, 1),
(2021111438, 101001, 10000, 100),
(2021111438, 101015, 0, 11),
(2021111438, 101019, 0, 1),
(2021111439, 101001, 10000, 100),
(2021111439, 101015, 0, 11),
(2021111439, 101019, 0, 1),
(2021111440, 101001, 10000, 100),
(2021111440, 101015, 0, 11),
(2021111440, 101019, 0, 1),
(2021111441, 101001, 10000, 100),
(2021111441, 101015, 0, 11),
(2021111441, 101019, 0, 1),
(2021111442, 101001, 10000, 100),
(2021111442, 101015, 0, 11),
(2021111442, 101019, 0, 1),
(2021111443, 101001, 10000, 100),
(2021111443, 101015, 0, 11),
(2021111443, 101019, 0, 1),
(2021111444, 101001, 10000, 100),
(2021111444, 101015, 0, 11),
(2021111444, 101019, 0, 1),
(2021111445, 101001, 10000, 100),
(2021111445, 101015, 0, 11),
(2021111445, 101019, 0, 1),
(2021111446, 101001, 10000, 100),
(2021111446, 101015, 0, 11),
(2021111446, 101019, 0, 1),
(2021111447, 101001, 10000, 100),
(2021111447, 101015, 0, 11),
(2021111447, 101019, 0, 1),
(2021111448, 101001, 10000, 100),
(2021111448, 101015, 0, 11),
(2021111448, 101019, 0, 1),
(2021111449, 101001, 10000, 100),
(2021111449, 101015, 0, 11),
(2021111449, 101019, 0, 1),
(2021111450, 101001, 10000, 100),
(2021111450, 101015, 0, 11),
(2021111450, 101019, 0, 1),
(2021111451, 101001, 10000, 100),
(2021111451, 101015, 0, 11),
(2021111451, 101019, 0, 1),
(2021111452, 101001, 10000, 100),
(2021111452, 101015, 0, 11),
(2021111452, 101019, 0, 1),
(2021111453, 101001, 10000, 100),
(2021111453, 101015, 0, 11),
(2021111453, 101019, 0, 1),
(2021111454, 101001, 10000, 100),
(2021111454, 101015, 0, 11),
(2021111454, 101019, 0, 1),
(2021111455, 101001, 10000, 100),
(2021111455, 101015, 0, 11),
(2021111455, 101019, 0, 1),
(2021111456, 101001, 10000, 100),
(2021111456, 101015, 0, 11),
(2021111456, 101019, 0, 1),
(2021111457, 101001, 10000, 100),
(2021111457, 101015, 0, 11),
(2021111457, 101019, 0, 1),
(2021111458, 101001, 10000, 100),
(2021111458, 101015, 0, 11),
(2021111458, 101019, 0, 1),
(2021111459, 101001, 10000, 100),
(2021111459, 101015, 0, 11),
(2021111459, 101019, 0, 1),
(2021111460, 101001, 10000, 100),
(2021111460, 101015, 0, 11),
(2021111460, 101019, 0, 1),
(2021111461, 101001, 10000, 100),
(2021111461, 101015, 0, 11),
(2021111461, 101019, 0, 1),
(2021111462, 101001, 10000, 100),
(2021111462, 101015, 0, 11),
(2021111462, 101019, 0, 1),
(2021111463, 101001, 10000, 100),
(2021111463, 101015, 0, 11),
(2021111463, 101019, 0, 1),
(2021111464, 101001, 10000, 100),
(2021111464, 101015, 0, 11),
(2021111464, 101019, 0, 1),
(2021111465, 101001, 10000, 100),
(2021111465, 101015, 0, 11),
(2021111465, 101019, 0, 1),
(2021111466, 101001, 10000, 100),
(2021111466, 101015, 0, 11),
(2021111466, 101019, 0, 1),
(2021111467, 101001, 10000, 100),
(2021111467, 101015, 0, 11),
(2021111467, 101019, 0, 1),
(2021111468, 101001, 10000, 100),
(2021111468, 101015, 0, 11),
(2021111468, 101019, 0, 1),
(2021111469, 101001, 10000, 100),
(2021111469, 101015, 0, 11),
(2021111469, 101019, 0, 1),
(2021111470, 101001, 10000, 100),
(2021111470, 101015, 0, 11),
(2021111470, 101019, 0, 1),
(2021111471, 101001, 10000, 100),
(2021111471, 101015, 0, 11),
(2021111471, 101019, 0, 1),
(2021111472, 101001, 10000, 100),
(2021111472, 101015, 0, 11),
(2021111472, 101019, 0, 1),
(2021111473, 101001, 10000, 100),
(2021111473, 101015, 0, 11),
(2021111473, 101019, 0, 1),
(2021111474, 101001, 10000, 100),
(2021111474, 101015, 0, 11),
(2021111474, 101019, 0, 1),
(2021111475, 101001, 10000, 100),
(2021111475, 101015, 0, 11),
(2021111475, 101019, 0, 1),
(2021111476, 101001, 10000, 100),
(2021111476, 101015, 0, 11),
(2021111476, 101019, 0, 1),
(2021111477, 101001, 10000, 100),
(2021111477, 101015, 0, 11),
(2021111477, 101019, 0, 1),
(2021111478, 101001, 10000, 100),
(2021111478, 101015, 0, 11),
(2021111478, 101019, 0, 1),
(2021111479, 101001, 10000, 100),
(2021111479, 101015, 0, 11),
(2021111479, 101019, 0, 1),
(2021111480, 101001, 10000, 100),
(2021111480, 101015, 0, 11),
(2021111480, 101019, 0, 1),
(2021111481, 101001, 10000, 100),
(2021111481, 101015, 0, 11),
(2021111481, 101019, 0, 1),
(2021111482, 101001, 10000, 100),
(2021111482, 101015, 0, 11),
(2021111482, 101019, 0, 1),
(2021111483, 101001, 10000, 100),
(2021111483, 101015, 0, 11),
(2021111483, 101019, 0, 1),
(2021111484, 101001, 10000, 100),
(2021111484, 101015, 0, 11),
(2021111484, 101019, 0, 1),
(2021111485, 101001, 10000, 100),
(2021111485, 101015, 0, 11),
(2021111485, 101019, 0, 1),
(2021111486, 101001, 10000, 100),
(2021111486, 101015, 0, 11),
(2021111486, 101019, 0, 1),
(2021111487, 101001, 10000, 100),
(2021111487, 101015, 0, 11),
(2021111487, 101019, 0, 1),
(2021111488, 101001, 10000, 100),
(2021111488, 101015, 0, 11),
(2021111488, 101019, 0, 1),
(2021111489, 101001, 10000, 100),
(2021111489, 101015, 0, 11),
(2021111489, 101019, 0, 1),
(2021111490, 101001, 10000, 100),
(2021111490, 101015, 0, 11),
(2021111490, 101019, 0, 1),
(2021111491, 101001, 10000, 100),
(2021111491, 101015, 0, 11),
(2021111491, 101019, 0, 1),
(2021111492, 101001, 10000, 100),
(2021111492, 101015, 0, 11),
(2021111492, 101019, 0, 1),
(2021111493, 101001, 10000, 100),
(2021111493, 101015, 0, 11),
(2021111493, 101019, 0, 1),
(2021111494, 101001, 10000, 100),
(2021111494, 101015, 0, 11),
(2021111494, 101019, 0, 1),
(2021111495, 101019, 0, 1),
(2021111496, 101019, 0, 1),
(2021111497, 101001, 10000, 100),
(2021111497, 101015, 0, 11),
(2021111497, 101019, 0, 1),
(2021111498, 101001, 10000, 100),
(2021111498, 101015, 0, 11),
(2021111498, 101019, 0, 1),
(2021111499, 101001, 10000, 100),
(2021111499, 101015, 0, 11),
(2021111499, 101019, 0, 1),
(2021111638, 101001, 13123, 13123),
(2021111639, 101001, 132, 12312),
(2021111640, 101010, 131231, 1231),
(2021111641, 101011, 1, 1),
(2021111642, 101001, 111, 111),
(2021111643, 101019, 3333, 333),
(2021111644, 101010, 123, 123),
(2021111645, 101001, 123, 123),
(2021111646, 101001, 123, 123),
(2021111646, 101010, 123, 123),
(2021111646, 101011, 123, 123),
(2021111647, 101001, 10, 10),
(2021111647, 101010, 10, 10),
(2021111648, 101001, 132, 123),
(2021111649, 101011, 123, 123),
(2021111650, 101011, 1, 1),
(2021111651, 101001, 132, 123),
(2021111652, 101001, 13, 123),
(2021111653, 101001, 111, 111),
(2021111653, 101010, 1, 1),
(2021111655, 101001, 12, 12),
(2021111657, 101010, 12, 123),
(2021111658, 101001, 134, 134),
(2021111659, 101018, 11, 11),
(2021111661, 101001, 1, 1231),
(2021111662, 101010, 123, 123),
(2021111662, 101011, 22, 11),
(2021111665, 101001, 1, 1),
(2021111666, 101010, 1, 1),
(2021111667, 101001, 1, 1),
(2021111668, 101001, 1, 1),
(2021111669, 101001, 1, 1),
(2021111670, 101001, 1, 1),
(2021111671, 101010, 1, 11),
(2021111672, 101010, 1, 1),
(2021111674, 101001, 9, 9999),
(2021111675, 101001, 121, 12),
(2021111676, 101001, 135, 555),
(2021111677, 101001, 246, 246),
(2021111678, 101010, 1122, 742),
(2021111679, 101001, 2, 1110),
(2021111680, 101010, 1, 1),
(2021111681, 101001, 12, 666),
(2021111682, 101010, 1110, 1110),
(2021111683, 101001, 1110, 1110),
(2021111684, 101001, 555, 555),
(2021111685, 101001, 555, 555),
(2021111686, 101001, 111, 111),
(2021111687, 101001, 123, 123),
(2021111688, 101001, 1665, 1665),
(2021111690, 101001, 1110, 1110),
(2021111691, 101001, 56, 56),
(2021111692, 101010, 666, 666),
(2021111693, 101016, 700000, 23),
(2021111697, 101015, 1, 1),
(2021111698, 101001, 555, 555),
(2021111698, 101010, 420, 619),
(2021111699, 101011, 1, 1),
(2021111701, 101011, 123, 123),
(2021111702, 101012, 4, 350),
(2021111703, 101012, 111, 11),
(2021112201, 101012, 1, 8),
(2021112203, 101012, 123, 1),
(2021112204, 101016, 40000, 23),
(2021112204, 101018, 100000, 12),
(2021112212, 101016, 100000, 23),
(2021112214, 101017, 100000, 26),
(2021112214, 101020, 1000000, 500),
(2021112214, 102008, 11111, 330),
(2021112214, 102015, 100000, 50),
(2021112214, 103014, 1000000, 77),
(2021112215, 101019, 1, 1),
(2021112302, 102016, 123, 53),
(2021112303, 101019, 1, 12),
(2021112305, 101018, 123, 25),
(2021112306, 101018, 123, 4),
(2021112307, 101019, 1, 1),
(2021112308, 101019, 1, 4),
(2021112308, 101020, 1, 1),
(2021112308, 102011, 1, 1),
(2021112308, 102012, 1, 1),
(2021112308, 102014, 1, 1),
(2021112308, 102017, 1, 1),
(2021112308, 102018, 1, 11),
(2021112308, 102019, 1, 1),
(2021112308, 103011, 11, 11),
(2021112308, 103012, 1, 1),
(2021112308, 103013, 1, 1),
(2021112308, 103015, 1, 1),
(2021112308, 103017, 1, 1),
(2021112308, 103018, 11, 1),
(2021112308, 103020, 1, 1),
(2021112308, 104001, 1, 1),
(2021112308, 105001, 1, 1),
(2021112308, 105002, 1, 1),
(2021112308, 105003, 1, 1),
(2021112311, 101010, 1, 1),
(2021112501, 101001, 1, 500),
(2021112502, 101001, 1, 500),
(2021112502, 107001, 1, 1000),
(2021112601, 101010, 1, 1),
(2021112603, 103020, 65000, 5998),
(2021112604, 101010, 1, 1),
(2021112605, 101010, 1, 100),
(2021112606, 101010, 1, 100),
(2021112606, 101020, 1, 100);

-- --------------------------------------------------------

--
-- Table structure for table `tb_po`
--

CREATE TABLE `tb_po` (
  `po_id` int(11) NOT NULL,
  `po_tgl` datetime DEFAULT NULL,
  `po_nofak` varchar(10) DEFAULT NULL,
  `po_tglfak` datetime DEFAULT NULL,
  `po_tgljatuhtempo` date DEFAULT NULL,
  `po_status` enum('temporer','permanen','belum_selesai') DEFAULT 'belum_selesai',
  `po_idsup` int(11) DEFAULT NULL,
  `po_idadm` varchar(30) DEFAULT NULL
) ENGINE=InnoDB DEFAULT CHARSET=utf8mb4;

--
-- Dumping data for table `tb_po`
--

INSERT INTO `tb_po` (`po_id`, `po_tgl`, `po_nofak`, `po_tglfak`, `po_tgljatuhtempo`, `po_status`, `po_idsup`, `po_idadm`) VALUES
(2021110001, '2021-11-10 10:51:55', '123', '1970-01-01 07:00:00', '2022-01-10', 'belum_selesai', 1, 'admin'),
(2021110002, '2021-11-10 13:05:11', '123', '1970-01-01 07:00:00', '2022-02-01', 'belum_selesai', 2, 'adminsuf1'),
(2021110020, '2021-11-11 08:11:00', '', '0000-00-00 00:00:00', '2022-02-09', 'belum_selesai', 2, 'admin'),
(2021110021, '2021-11-11 08:13:00', '', '0000-00-00 00:00:00', '2022-02-09', 'belum_selesai', 2, 'admin'),
(2021110022, '2021-11-11 08:14:00', '', '0000-00-00 00:00:00', '2022-02-09', 'belum_selesai', 3, 'admin'),
(2021110024, '2021-11-11 08:56:00', '', '0000-00-00 00:00:00', '2022-02-09', 'belum_selesai', 3, 'admin'),
(2021110025, '2021-11-11 08:57:00', '', '0000-00-00 00:00:00', '2022-02-09', 'belum_selesai', 3, 'admin'),
(2021110026, '2021-11-11 08:59:00', '', '0000-00-00 00:00:00', '2022-02-09', 'belum_selesai', 2, 'admin'),
(2021110027, '2021-11-11 09:01:00', '', '0000-00-00 00:00:00', '2022-02-09', 'belum_selesai', 1, 'admin'),
(2021110028, '2021-11-11 09:03:00', '', '0000-00-00 00:00:00', '2022-02-09', 'belum_selesai', 2, 'admin'),
(2021110029, '2021-11-11 09:04:00', '', '0000-00-00 00:00:00', '2022-02-09', 'belum_selesai', 1, 'admin'),
(2021110030, '2021-11-11 09:04:00', '', '0000-00-00 00:00:00', '2022-02-09', 'belum_selesai', 3, 'admin'),
(2021110031, '2021-11-11 09:07:00', '', '0000-00-00 00:00:00', '2022-02-09', 'belum_selesai', 1, 'admin'),
(2021110032, '2021-11-11 09:08:00', '', '0000-00-00 00:00:00', '2022-02-09', 'belum_selesai', 2, 'admin'),
(2021110033, '2021-11-11 09:08:00', '', '0000-00-00 00:00:00', '2022-02-09', 'belum_selesai', 3, 'admin'),
(2021110034, '2021-11-11 09:09:00', '', '0000-00-00 00:00:00', '2022-02-09', 'belum_selesai', 2, 'admin'),
(2021110035, '2021-11-11 09:10:00', '', '0000-00-00 00:00:00', '2022-02-09', 'belum_selesai', 2, 'admin'),
(2021110036, '2021-11-11 09:11:00', '', '0000-00-00 00:00:00', '2022-02-09', 'belum_selesai', 1, 'admin'),
(2021110037, '2021-11-11 09:11:00', '', '0000-00-00 00:00:00', '2022-02-09', 'belum_selesai', 1, 'admin'),
(2021110053, '2021-11-11 09:41:00', '', '0000-00-00 00:00:00', '2022-02-09', 'belum_selesai', 1, 'admin'),
(2021110054, '2021-11-11 09:42:00', '', '0000-00-00 00:00:00', '2022-02-09', 'belum_selesai', 1, 'admin'),
(2021110055, '2021-11-11 09:44:00', '', '0000-00-00 00:00:00', '2022-02-09', 'belum_selesai', 1, 'admin'),
(2021110056, '2021-11-11 09:46:00', '', '0000-00-00 00:00:00', '2022-02-09', 'belum_selesai', 1, 'admin'),
(2021110060, '2021-11-11 09:58:00', '', '0000-00-00 00:00:00', '2022-02-09', 'belum_selesai', 2, 'admin'),
(2021110061, '2021-11-11 10:06:00', '', '0000-00-00 00:00:00', '2022-02-09', 'belum_selesai', 3, 'admin'),
(2021110063, '2021-11-11 10:22:00', '', '0000-00-00 00:00:00', '2022-02-09', 'belum_selesai', 1, 'admin'),
(2021110064, '2021-11-11 10:27:00', '', '0000-00-00 00:00:00', '2022-02-09', 'belum_selesai', 2, 'admin'),
(2021110065, '2021-11-11 10:28:00', '', '0000-00-00 00:00:00', '2022-02-09', 'belum_selesai', 2, 'admin'),
(2021110066, '2021-11-11 10:29:00', '', '0000-00-00 00:00:00', '2022-02-09', 'belum_selesai', 2, 'admin'),
(2021110067, '2021-11-11 10:31:00', '', '0000-00-00 00:00:00', '2022-02-09', 'belum_selesai', 2, 'admin'),
(2021110070, '2021-11-11 10:34:00', '', '0000-00-00 00:00:00', '2022-02-09', 'belum_selesai', 1, 'admin'),
(2021110071, '2021-11-11 10:35:00', '', '0000-00-00 00:00:00', '2022-02-09', 'belum_selesai', 1, 'admin'),
(2021110073, '2021-11-11 10:37:00', '', '0000-00-00 00:00:00', '2022-02-09', 'belum_selesai', 1, 'admin'),
(2021110075, '2021-11-11 10:39:00', '', '0000-00-00 00:00:00', '2022-02-09', 'belum_selesai', 1, 'admin'),
(2021110076, '2021-11-11 10:39:00', '', '0000-00-00 00:00:00', '2022-02-09', 'belum_selesai', 2, 'admin'),
(2021110077, '2021-11-11 10:40:00', '', '0000-00-00 00:00:00', '2022-02-09', 'belum_selesai', 3, 'admin'),
(2021110078, '2021-11-11 10:43:00', '', '0000-00-00 00:00:00', '2022-02-09', 'belum_selesai', 2, 'admin'),
(2021110079, '2021-11-11 10:45:00', '', '0000-00-00 00:00:00', '2022-02-09', 'belum_selesai', 2, 'admin'),
(2021110080, '2021-11-11 10:53:00', '', '0000-00-00 00:00:00', '2022-02-09', 'belum_selesai', 2, 'admin'),
(2021110081, '2021-11-11 10:54:00', '', '0000-00-00 00:00:00', '2022-02-09', 'belum_selesai', 1, 'admin'),
(2021110083, '2021-11-11 11:15:00', '', '0000-00-00 00:00:00', '2022-02-09', 'belum_selesai', 1, 'admin'),
(2021110084, '2021-11-11 11:16:00', '', '0000-00-00 00:00:00', '2022-02-09', 'belum_selesai', 2, 'admin'),
(2021110085, '2021-11-11 11:17:00', '', '0000-00-00 00:00:00', '2022-02-09', 'belum_selesai', 1, 'admin'),
(2021110086, '2021-11-11 11:19:00', '', '0000-00-00 00:00:00', '2022-02-09', 'belum_selesai', 1, 'admin'),
(2021110087, '2021-11-11 11:20:00', '', '0000-00-00 00:00:00', '2022-02-09', 'belum_selesai', 1, 'admin'),
(2021110088, '2021-11-11 11:20:00', '', '0000-00-00 00:00:00', '2022-02-09', 'belum_selesai', 1, 'admin'),
(2021110089, '2021-11-11 11:21:00', '', '0000-00-00 00:00:00', '2022-02-09', 'belum_selesai', 1, 'admin'),
(2021110090, '2021-11-11 11:26:00', '', '0000-00-00 00:00:00', '2022-02-09', 'belum_selesai', 2, 'admin'),
(2021110091, '2021-11-11 11:28:00', '', '0000-00-00 00:00:00', '2022-02-09', 'belum_selesai', 1, 'admin'),
(2021110092, '2021-11-11 11:30:00', '', '0000-00-00 00:00:00', '2022-02-09', 'belum_selesai', 1, 'admin'),
(2021110094, '2021-11-11 11:32:00', '', '0000-00-00 00:00:00', '2022-02-09', 'belum_selesai', 1, 'admin'),
(2021110095, '2021-11-11 11:38:00', '', '0000-00-00 00:00:00', '2022-02-09', 'belum_selesai', 1, 'admin'),
(2021110096, '2021-11-11 11:38:00', '', '0000-00-00 00:00:00', '2022-02-09', 'belum_selesai', 1, 'admin'),
(2021110097, '2021-11-11 11:42:00', '', '0000-00-00 00:00:00', '2022-02-09', 'belum_selesai', 2, 'admin'),
(2021110098, '2021-11-11 11:43:00', '', '0000-00-00 00:00:00', '2022-02-09', 'belum_selesai', 1, 'admin'),
(2021110099, '2021-11-11 11:48:00', '', '0000-00-00 00:00:00', '2022-02-09', 'belum_selesai', 2, 'admin'),
(2021110100, '2021-11-11 11:49:00', '', '0000-00-00 00:00:00', '2022-02-09', 'belum_selesai', 1, 'admin'),
(2021110101, '2021-11-11 11:50:00', '', '0000-00-00 00:00:00', '2022-02-09', 'belum_selesai', 1, 'admin'),
(2021110102, '2021-11-11 11:50:00', '', '0000-00-00 00:00:00', '2022-02-09', 'belum_selesai', 1, 'admin'),
(2021110103, '2021-11-11 11:51:00', '', '0000-00-00 00:00:00', '2022-02-09', 'belum_selesai', 3, 'admin'),
(2021110104, '2021-11-11 11:52:00', '', '0000-00-00 00:00:00', '2022-02-09', 'belum_selesai', 1, 'admin'),
(2021110105, '2021-11-11 11:53:00', '', '0000-00-00 00:00:00', '2022-02-09', 'belum_selesai', 2, 'admin'),
(2021110106, '2021-11-11 11:56:00', '', '0000-00-00 00:00:00', '2022-02-09', 'belum_selesai', 2, 'admin'),
(2021110107, '2021-11-11 12:05:00', '', '0000-00-00 00:00:00', '2022-02-09', 'belum_selesai', 1, 'admin'),
(2021110108, '2021-11-11 12:05:00', '', '0000-00-00 00:00:00', '2022-02-09', 'belum_selesai', 1, 'admin'),
(2021110109, '2021-11-11 12:07:00', '', '0000-00-00 00:00:00', '2022-02-09', 'belum_selesai', 1, 'admin'),
(2021110110, '2021-11-11 12:09:00', '', '0000-00-00 00:00:00', '2022-02-09', 'belum_selesai', 1, 'admin'),
(2021110116, '2021-11-11 12:16:00', '', '0000-00-00 00:00:00', '2022-02-09', 'belum_selesai', 1, 'admin'),
(2021110117, '2021-11-11 12:17:00', '', '0000-00-00 00:00:00', '2022-02-09', 'belum_selesai', 2, 'admin'),
(2021110119, '2021-11-11 12:26:00', '', '0000-00-00 00:00:00', '2022-02-09', 'belum_selesai', 2, 'admin'),
(2021110121, '2021-11-11 12:29:00', '', '0000-00-00 00:00:00', '2022-02-09', 'belum_selesai', 1, 'admin'),
(2021110128, '2021-11-11 13:18:00', '', '0000-00-00 00:00:00', '2022-02-09', 'belum_selesai', 1, 'admin'),
(2021110129, '2021-11-11 13:19:00', '', '0000-00-00 00:00:00', '2022-02-09', 'belum_selesai', 2, 'admin'),
(2021110130, '2021-11-11 13:27:00', '', '0000-00-00 00:00:00', '2022-02-09', 'belum_selesai', 2, 'admin'),
(2021110131, '2021-11-11 13:30:00', '', '0000-00-00 00:00:00', '2022-02-09', 'belum_selesai', 1, 'admin'),
(2021110132, '2021-11-11 13:35:00', '', '0000-00-00 00:00:00', '2022-02-09', 'belum_selesai', 2, 'admin'),
(2021110133, '2021-11-11 16:53:00', '', '0000-00-00 00:00:00', '2022-02-09', 'belum_selesai', 1, 'admin'),
(2021110140, '2021-11-11 17:25:00', '', '0000-00-00 00:00:00', '2022-02-09', 'belum_selesai', 2, 'admin'),
(2021110141, '2021-11-11 17:27:00', '', '0000-00-00 00:00:00', '2022-02-09', 'belum_selesai', 1, 'admin'),
(2021110142, '2021-11-11 17:34:00', '', '0000-00-00 00:00:00', '2022-02-09', 'belum_selesai', 2, 'admin'),
(2021110149, '2021-11-11 17:50:00', '', '0000-00-00 00:00:00', '2022-02-09', 'belum_selesai', 1, 'admin'),
(2021110150, '2021-11-11 17:53:00', '', '0000-00-00 00:00:00', '2022-02-09', 'belum_selesai', 1, 'admin'),
(2021110151, '2021-11-11 17:53:00', '', '0000-00-00 00:00:00', '2022-02-09', 'belum_selesai', 1, 'admin'),
(2021110152, '2021-11-11 17:54:00', '', '0000-00-00 00:00:00', '2022-02-09', 'belum_selesai', 2, 'admin'),
(2021110153, '2021-11-11 17:56:00', '', '0000-00-00 00:00:00', '2022-02-09', 'belum_selesai', 2, 'admin'),
(2021110156, '2021-11-11 17:59:00', '', '0000-00-00 00:00:00', '2022-02-09', 'belum_selesai', 2, 'admin'),
(2021110157, '2021-11-11 18:00:00', '', '0000-00-00 00:00:00', '2022-02-09', 'belum_selesai', 1, 'admin'),
(2021110158, '2021-11-11 18:00:00', '', '0000-00-00 00:00:00', '2022-02-09', 'belum_selesai', 1, 'admin'),
(2021110159, '2021-11-11 18:01:00', '', '0000-00-00 00:00:00', '2022-02-09', 'belum_selesai', 1, 'admin'),
(2021110160, '2021-11-11 18:02:00', '', '0000-00-00 00:00:00', '2022-02-09', 'belum_selesai', 2, 'admin'),
(2021110161, '2021-11-11 18:20:00', '', '0000-00-00 00:00:00', '2022-02-09', 'belum_selesai', 1, 'admin'),
(2021110162, '2021-11-11 18:28:00', '', '0000-00-00 00:00:00', '2022-02-09', 'belum_selesai', 1, 'admin'),
(2021110163, '2021-11-11 21:24:00', '', '0000-00-00 00:00:00', '2022-02-09', 'belum_selesai', 1, 'admin'),
(2021110164, '2021-11-11 21:26:00', '', '0000-00-00 00:00:00', '2022-02-09', 'belum_selesai', 1, 'admin'),
(2021110165, '2021-11-11 21:28:00', '', '0000-00-00 00:00:00', '2022-02-09', 'belum_selesai', 2, 'admin'),
(2021110167, '2021-11-11 21:29:00', '', '0000-00-00 00:00:00', '2022-02-09', 'belum_selesai', 2, 'admin'),
(2021110168, '2021-11-11 21:30:00', '', '0000-00-00 00:00:00', '2022-02-09', 'belum_selesai', 2, 'admin'),
(2021110169, '2021-11-11 21:31:00', '', '0000-00-00 00:00:00', '2022-02-09', 'belum_selesai', 2, 'admin'),
(2021110170, '2021-11-11 21:34:00', '', '0000-00-00 00:00:00', '2022-02-09', 'belum_selesai', 1, 'admin'),
(2021110171, '2021-11-11 21:35:00', '', '0000-00-00 00:00:00', '2022-02-09', 'belum_selesai', 2, 'admin'),
(2021110172, '2021-11-11 21:38:00', '', '0000-00-00 00:00:00', '2022-02-09', 'belum_selesai', 1, 'admin'),
(2021110173, '2021-11-11 21:39:00', '', '0000-00-00 00:00:00', '2022-02-09', 'belum_selesai', 2, 'admin'),
(2021110174, '2021-11-11 21:39:00', '', '0000-00-00 00:00:00', '2022-02-09', 'belum_selesai', 2, 'admin'),
(2021110175, '2021-11-11 21:41:00', '', '0000-00-00 00:00:00', '2022-02-09', 'belum_selesai', 1, 'admin'),
(2021110180, '2021-11-11 21:56:00', '', '0000-00-00 00:00:00', '2022-02-09', 'belum_selesai', 2, 'admin'),
(2021110181, '2021-11-11 21:57:00', '', '0000-00-00 00:00:00', '2022-02-09', 'belum_selesai', 1, 'admin'),
(2021110184, '2021-11-11 22:07:00', '', '0000-00-00 00:00:00', '2022-02-09', 'belum_selesai', 1, 'admin'),
(2021110212, '2021-11-11 22:52:00', '', '0000-00-00 00:00:00', '2022-02-09', 'belum_selesai', 1, 'admin'),
(2021110219, '2021-11-12 00:22:00', '', '0000-00-00 00:00:00', '2022-02-09', 'belum_selesai', 2, 'admin'),
(2021110222, '2021-11-12 07:50:00', '', '0000-00-00 00:00:00', '2022-02-10', 'belum_selesai', 1, 'admin'),
(2021110223, '2021-11-12 07:51:00', '', '0000-00-00 00:00:00', '2022-02-10', 'belum_selesai', 1, 'admin'),
(2021110224, '2021-11-12 07:53:00', '', '0000-00-00 00:00:00', '2022-02-10', 'belum_selesai', 1, 'admin'),
(2021110230, '2021-11-12 09:53:00', '', '0000-00-00 00:00:00', '2022-02-10', 'belum_selesai', 1, 'admin'),
(2021110231, '2021-11-12 09:53:00', '', '0000-00-00 00:00:00', '2022-02-10', 'belum_selesai', 2, 'admin'),
(2021110232, '2021-11-12 09:55:00', '', '0000-00-00 00:00:00', '2022-02-10', 'belum_selesai', 1, 'admin'),
(2021110233, '2021-11-12 10:16:00', '', '0000-00-00 00:00:00', '2022-02-10', 'belum_selesai', 1, 'admin'),
(2021110234, '2021-11-12 10:23:00', '', '0000-00-00 00:00:00', '2022-02-10', 'belum_selesai', 1, 'admin'),
(2021110235, '2021-11-12 10:24:00', 'Voluptatem', '2021-11-12 23:16:00', '2022-02-10', 'belum_selesai', 1, 'admin'),
(2021110236, '2021-11-12 10:24:00', '', '0000-00-00 00:00:00', '2022-02-10', 'belum_selesai', 1, 'admin'),
(2021110237, '2021-11-12 10:34:00', '123', '0000-00-00 00:00:00', '2022-02-10', 'belum_selesai', 1, 'admin'),
(2021110238, '2021-11-12 10:35:00', '', '0000-00-00 00:00:00', '2022-02-10', 'belum_selesai', 1, 'admin'),
(2021110239, '2021-11-12 10:38:00', '', '0000-00-00 00:00:00', '2022-02-10', 'belum_selesai', 1, 'admin'),
(2021110240, '2021-11-12 10:40:00', '', '0000-00-00 00:00:00', '2022-02-10', 'belum_selesai', 1, 'admin'),
(2021110241, '2021-11-12 10:43:00', '', '0000-00-00 00:00:00', '2022-02-10', 'belum_selesai', 2, 'admin'),
(2021110242, '2021-11-12 10:43:00', '', '0000-00-00 00:00:00', '2022-02-10', 'belum_selesai', 1, 'admin'),
(2021110243, '2021-11-12 10:47:00', '', '0000-00-00 00:00:00', '2022-02-10', 'belum_selesai', 2, 'admin'),
(2021110244, '2021-11-12 10:49:00', '', '0000-00-00 00:00:00', '2022-02-10', 'belum_selesai', 1, 'admin'),
(2021110245, '2021-11-12 10:50:00', '', '0000-00-00 00:00:00', '2022-02-10', 'belum_selesai', 1, 'admin'),
(2021110246, '2021-11-12 10:51:00', '', '0000-00-00 00:00:00', '2022-02-10', 'belum_selesai', 1, 'admin'),
(2021110247, '2021-11-12 11:01:00', '', '0000-00-00 00:00:00', '2022-02-10', 'belum_selesai', 1, 'admin'),
(2021110248, '2021-11-12 11:02:00', '', '0000-00-00 00:00:00', '2022-02-10', 'belum_selesai', 1, 'admin'),
(2021110249, '2021-11-12 11:04:00', '', '0000-00-00 00:00:00', '2022-02-10', 'belum_selesai', 1, 'admin'),
(2021110250, '2021-11-12 11:05:00', '', '0000-00-00 00:00:00', '2022-02-10', 'belum_selesai', 2, 'admin'),
(2021110251, '2021-11-12 11:06:00', '', '0000-00-00 00:00:00', '2022-02-10', 'belum_selesai', 1, 'admin'),
(2021110252, '2021-11-12 11:07:00', '', '0000-00-00 00:00:00', '2022-02-10', 'belum_selesai', 1, 'admin'),
(2021110253, '2021-11-12 11:09:00', '', '0000-00-00 00:00:00', '2022-02-10', 'belum_selesai', 1, 'admin'),
(2021110254, '2021-11-12 11:09:00', '', '0000-00-00 00:00:00', '2022-02-10', 'belum_selesai', 1, 'admin'),
(2021110255, '2021-11-12 11:14:00', '', '0000-00-00 00:00:00', '2022-02-10', 'belum_selesai', 1, 'admin'),
(2021110257, '2021-11-12 11:18:00', '', '0000-00-00 00:00:00', '2022-02-10', 'belum_selesai', 1, 'admin'),
(2021110258, '2021-11-12 11:22:00', '123', '2021-11-13 07:33:00', '2022-02-10', 'permanen', 2, 'admin'),
(2021110259, '2021-11-12 11:24:00', '', '0000-00-00 00:00:00', '2022-02-10', 'belum_selesai', 2, 'admin'),
(2021110260, '2021-11-12 11:24:00', '', '0000-00-00 00:00:00', '2022-02-10', 'belum_selesai', 2, 'admin'),
(2021110261, '2021-11-12 11:26:00', '', '0000-00-00 00:00:00', '2022-02-10', 'belum_selesai', 1, 'admin'),
(2021110262, '2021-11-12 11:29:00', '', '0000-00-00 00:00:00', '2022-02-10', 'belum_selesai', 2, 'admin'),
(2021110263, '2021-11-12 11:36:00', '', '0000-00-00 00:00:00', '2022-02-10', 'belum_selesai', 1, 'admin'),
(2021110264, '2021-11-12 11:36:00', '', '0000-00-00 00:00:00', '2022-02-10', 'belum_selesai', 1, 'admin'),
(2021110265, '2021-11-12 11:38:00', '', '0000-00-00 00:00:00', '2022-02-10', 'belum_selesai', 1, 'admin'),
(2021110266, '2021-11-12 11:39:00', '', '0000-00-00 00:00:00', '2022-02-10', 'belum_selesai', 1, 'admin'),
(2021110267, '2021-11-12 11:42:00', '', '0000-00-00 00:00:00', '2022-02-10', 'belum_selesai', 1, 'admin'),
(2021110268, '2021-11-12 11:43:00', '', '0000-00-00 00:00:00', '2022-02-10', 'belum_selesai', 1, 'admin'),
(2021110270, '2021-11-12 11:50:00', '', '0000-00-00 00:00:00', '2022-02-10', 'belum_selesai', 2, 'admin'),
(2021110272, '2021-11-12 11:51:00', '', '0000-00-00 00:00:00', '2022-02-10', 'belum_selesai', 1, 'admin'),
(2021110273, '2021-11-12 12:32:00', '', '0000-00-00 00:00:00', '2022-02-10', 'belum_selesai', 1, 'admin'),
(2021110274, '2021-11-12 12:33:00', 'Voluptatem', '2021-11-22 15:55:00', '2022-02-10', 'permanen', 1, 'admin'),
(2021110275, '2021-11-12 12:42:00', '', '0000-00-00 00:00:00', '2022-02-10', 'belum_selesai', 1, 'admin'),
(2021110276, '2021-11-12 12:54:00', '', '0000-00-00 00:00:00', '2022-02-10', 'belum_selesai', 2, 'admin'),
(2021110277, '2021-11-12 12:56:00', '', '0000-00-00 00:00:00', '2022-02-10', 'belum_selesai', 2, 'admin'),
(2021110280, '2021-11-12 13:12:00', '', '0000-00-00 00:00:00', '2022-02-10', 'belum_selesai', 1, 'admin'),
(2021110281, '2021-11-12 13:16:00', '12345', '2021-11-26 22:54:00', '2022-02-10', 'belum_selesai', 1, 'admin'),
(2021110282, '2021-11-12 13:20:00', '', '0000-00-00 00:00:00', '2022-02-10', 'belum_selesai', 1, 'admin'),
(2021110284, '2021-11-12 13:23:00', '', '0000-00-00 00:00:00', '2022-02-10', 'belum_selesai', 1, 'admin'),
(2021110285, '2021-11-12 13:27:00', '', '0000-00-00 00:00:00', '2022-02-10', 'belum_selesai', 1, 'admin'),
(2021110287, '2021-11-12 13:48:00', '', '0000-00-00 00:00:00', '2022-02-10', 'belum_selesai', 1, 'admin'),
(2021110290, '2021-11-12 13:52:00', '', '0000-00-00 00:00:00', '2022-02-10', 'belum_selesai', 2, 'admin'),
(2021110302, '2021-11-12 15:18:00', '1231', '2021-11-12 23:37:00', '2022-02-10', 'permanen', 1, 'admin'),
(2021110309, '2021-11-12 21:22:00', '', '0000-00-00 00:00:00', '2022-02-10', 'temporer', 1, 'admin'),
(2021110310, '2021-11-12 23:23:00', '123', '0000-00-00 00:00:00', '2022-02-10', 'temporer', 1, 'admin'),
(2021110311, '2021-11-12 23:29:00', '123', '2021-11-13 07:26:00', '2022-02-10', 'permanen', 1, 'admin'),
(2021110313, '2021-11-13 06:23:00', '', '0000-00-00 00:00:00', '2022-02-10', 'belum_selesai', 1, 'admin'),
(2021110314, '2021-11-13 06:25:00', '', '0000-00-00 00:00:00', '2022-02-10', 'belum_selesai', 1, 'admin'),
(2021110316, '2021-11-13 06:41:00', '11115', '2021-11-13 09:42:00', '2022-02-10', 'permanen', 3, 'admin'),
(2021110317, '2021-11-13 06:42:00', '123', '2021-11-13 07:52:00', '2022-02-10', 'permanen', 1, 'admin'),
(2021110318, '2021-11-13 06:43:00', 'Voluptatem', '2021-11-13 07:24:00', '2022-02-10', 'permanen', 1, 'admin'),
(2021110319, '2021-11-13 06:53:00', '123', '2021-11-13 07:50:00', '2022-02-10', 'permanen', 1, 'admin'),
(2021110320, '2021-11-13 06:54:00', '123', '2021-11-13 07:49:00', '2022-02-10', 'permanen', 1, 'admin'),
(2021110321, '2021-11-13 08:00:00', '123', '2021-11-13 08:08:00', '2022-02-11', 'permanen', 1, 'admin'),
(2021110322, '2021-11-13 08:02:00', '123', '2021-11-13 08:03:00', '2022-02-11', 'permanen', 1, 'admin'),
(2021110323, '2021-11-13 15:29:00', '1737362', '2021-11-14 15:31:00', '2022-02-11', 'permanen', 1, 'Admin'),
(2021110324, '2021-11-16 16:09:00', 'Voluptatem', '2021-11-16 16:09:00', '2022-02-14', 'permanen', 2, 'admin'),
(2021110325, '2021-11-23 19:09:00', '', '0000-00-00 00:00:00', '2022-02-21', 'temporer', 1, 'admin'),
(2021110326, '2021-11-23 19:32:00', '', '0000-00-00 00:00:00', '2022-02-21', 'belum_selesai', 1, 'admin'),
(2021110327, '2021-11-23 19:40:00', 'Akus123142', '2021-11-23 19:59:00', '2022-02-21', 'permanen', 1, 'admin'),
(2021110328, '2021-11-25 10:58:00', 'Voluptatem', '2021-11-25 10:58:00', '2022-02-23', 'permanen', 1, 'admin'),
(2021110329, '2021-11-25 17:20:00', 'erragrg', '2021-11-25 17:20:00', '2022-02-23', 'permanen', 1, 'admin'),
(2021110330, '2021-11-25 19:56:00', '', '0000-00-00 00:00:00', '2022-02-23', 'belum_selesai', 2, 'admin');

-- --------------------------------------------------------

--
-- Table structure for table `tb_settings`
--

CREATE TABLE `tb_settings` (
  `id` int(10) NOT NULL,
  `key` varchar(32) NOT NULL,
  `content` varchar(191) NOT NULL
) ENGINE=InnoDB DEFAULT CHARSET=utf8mb4;

--
-- Dumping data for table `tb_settings`
--

INSERT INTO `tb_settings` (`id`, `key`, `content`) VALUES
(1, 'current_theme_name', 'argon'),
(2, 'store_name', 'Su Variasi Mobil'),
(3, 'store_phone_number', '0818400165'),
(4, 'store_email', 'sumobil@variasi.com'),
(5, 'store_tagline', 'Variasi Mobil'),
(6, 'store_logo', 'Logo.png'),
(7, 'max_product_image_size', '20000'),
(8, 'store_description', 'Menjual aksesoris mobil'),
(9, 'store_address', 'Jl. Kapuas Raya No.17, RT/RW 14/04, Padang Harapan, Gading Cempaka, Kota Bengkulu. 38225'),
(13, '', '');

-- --------------------------------------------------------

--
-- Table structure for table `tb_supplier`
--

CREATE TABLE `tb_supplier` (
  `sup_id` int(11) NOT NULL,
  `sup_perusahaan` varchar(80) DEFAULT NULL,
  `sup_alamat` varchar(150) DEFAULT NULL,
  `sup_norek` varchar(20) DEFAULT NULL,
  `sup_bank` varchar(40) DEFAULT NULL,
  `sup_personal` varchar(40) DEFAULT NULL,
  `sup_nohp` varchar(20) DEFAULT NULL,
  `sup_inisial` varchar(5) DEFAULT NULL
) ENGINE=InnoDB DEFAULT CHARSET=utf8mb4;

--
-- Dumping data for table `tb_supplier`
--

INSERT INTO `tb_supplier` (`sup_id`, `sup_perusahaan`, `sup_alamat`, `sup_norek`, `sup_bank`, `sup_personal`, `sup_nohp`, `sup_inisial`) VALUES
(1, 'PT Ikkah Persada Jaya Selalu Makmur Sejahtera', 'Jalan Indrapuri No.87 RT/RW 06/12 Kelurahan Indera Puri Kecamatan Asri Kab/Kota Palembang Provinsi Sumatera Selatan. 127334', 'Ut temporibus mollit', 'Nulla magnam elit voluptatem Debitis ea ', 'Magni et anim pariatur Architecto quasi ', '0746-38567', 'Est i'),
(2, 'Lenovo', 'Corporis sint facilis pariatur Aut voluptatem sit', 'Corrupti optio aut c', 'Similique autem excepturi porro qui veli', 'Quo vitae eos ad odit', 'Aut ad ut reprehende', 'Incid'),
(3, 'Apple', 'Jl. Sesama Kapuas, RT 14/RW 10 Kaur\r\nAsam ayam goreng\r\nIw Jelek banget Jl. Sesama Kapuas, RT 14/RW 10 Kaur Asam ayam gor', '198843240325', 'Bank BCA', 'Si Asu', '081485254566', 'APKE');

--
-- Indexes for dumped tables
--

--
-- Indexes for table `ci_sessions`
--
ALTER TABLE `ci_sessions`
  ADD KEY `ci_sessions_timestamp` (`timestamp`);

--
-- Indexes for table `tb_admin`
--
ALTER TABLE `tb_admin`
  ADD PRIMARY KEY (`adm_id`),
  ADD UNIQUE KEY `adm_nohp` (`adm_nohp`);

--
-- Indexes for table `tb_barang`
--
ALTER TABLE `tb_barang`
  ADD PRIMARY KEY (`brg_id`),
  ADD KEY `brg_idkat` (`brg_idkat`);

--
-- Indexes for table `tb_kasir`
--
ALTER TABLE `tb_kasir`
  ADD PRIMARY KEY (`ksr_id`,`ksr_password`),
  ADD UNIQUE KEY `ksr_nohp` (`ksr_nohp`);

--
-- Indexes for table `tb_kategori`
--
ALTER TABLE `tb_kategori`
  ADD PRIMARY KEY (`kat_id`);

--
-- Indexes for table `tb_nota`
--
ALTER TABLE `tb_nota`
  ADD PRIMARY KEY (`nota_id`),
  ADD KEY `nota_idksr` (`nota_idksr`);

--
-- Indexes for table `tb_pembelian`
--
ALTER TABLE `tb_pembelian`
  ADD PRIMARY KEY (`beli_idpo`,`beli_idbrg`),
  ADD KEY `beli_idbrg` (`beli_idbrg`);

--
-- Indexes for table `tb_penjualan`
--
ALTER TABLE `tb_penjualan`
  ADD PRIMARY KEY (`jual_idnota`,`jual_idbrg`),
  ADD KEY `jual_idbrg` (`jual_idbrg`);

--
-- Indexes for table `tb_po`
--
ALTER TABLE `tb_po`
  ADD PRIMARY KEY (`po_id`),
  ADD KEY `po_idsup` (`po_idsup`),
  ADD KEY `po_idadm` (`po_idadm`);

--
-- Indexes for table `tb_settings`
--
ALTER TABLE `tb_settings`
  ADD PRIMARY KEY (`id`) USING BTREE;

--
-- Indexes for table `tb_supplier`
--
ALTER TABLE `tb_supplier`
  ADD PRIMARY KEY (`sup_id`),
  ADD UNIQUE KEY `sup_norek` (`sup_norek`),
  ADD UNIQUE KEY `sup_nohp` (`sup_nohp`);

--
-- AUTO_INCREMENT for dumped tables
--

--
-- AUTO_INCREMENT for table `tb_kategori`
--
ALTER TABLE `tb_kategori`
  MODIFY `kat_id` int(3) NOT NULL AUTO_INCREMENT, AUTO_INCREMENT=12346;

--
-- AUTO_INCREMENT for table `tb_settings`
--
ALTER TABLE `tb_settings`
  MODIFY `id` int(10) NOT NULL AUTO_INCREMENT, AUTO_INCREMENT=14;

--
-- Constraints for dumped tables
--

--
-- Constraints for table `tb_barang`
--
ALTER TABLE `tb_barang`
  ADD CONSTRAINT `tb_barang_ibfk_2` FOREIGN KEY (`brg_idkat`) REFERENCES `tb_kategori` (`kat_id`);

--
-- Constraints for table `tb_nota`
--
ALTER TABLE `tb_nota`
  ADD CONSTRAINT `tb_nota_ibfk_1` FOREIGN KEY (`nota_idksr`) REFERENCES `tb_kasir` (`ksr_id`);

--
-- Constraints for table `tb_pembelian`
--
ALTER TABLE `tb_pembelian`
  ADD CONSTRAINT `tb_pembelian_ibfk_1` FOREIGN KEY (`beli_idpo`) REFERENCES `tb_po` (`po_id`),
  ADD CONSTRAINT `tb_pembelian_ibfk_2` FOREIGN KEY (`beli_idbrg`) REFERENCES `tb_barang` (`brg_id`);

--
-- Constraints for table `tb_penjualan`
--
ALTER TABLE `tb_penjualan`
  ADD CONSTRAINT `tb_penjualan_ibfk_1` FOREIGN KEY (`jual_idnota`) REFERENCES `tb_nota` (`nota_id`),
  ADD CONSTRAINT `tb_penjualan_ibfk_2` FOREIGN KEY (`jual_idbrg`) REFERENCES `tb_barang` (`brg_id`);

--
-- Constraints for table `tb_po`
--
ALTER TABLE `tb_po`
  ADD CONSTRAINT `tb_po_ibfk_1` FOREIGN KEY (`po_idsup`) REFERENCES `tb_supplier` (`sup_id`),
  ADD CONSTRAINT `tb_po_ibfk_2` FOREIGN KEY (`po_idadm`) REFERENCES `tb_admin` (`adm_id`);
COMMIT;

/*!40101 SET CHARACTER_SET_CLIENT=@OLD_CHARACTER_SET_CLIENT */;
/*!40101 SET CHARACTER_SET_RESULTS=@OLD_CHARACTER_SET_RESULTS */;
/*!40101 SET COLLATION_CONNECTION=@OLD_COLLATION_CONNECTION */;
